study_id,dicom_study_uid,series_uid,image_uid,dicom_path,modality,rows,columns,instance_number,spine_position,spine_axis,spine_artifacts,right_hip_position,right_hip_roi,left_hip_position,left_hip_roi,spine_quality,right_hip_quality,left_hip_quality,comment,anatomy,laterality,label_anatomy,label_laterality,label_position,label_axis_or_roi,label_artifacts,label_quality,label_source
1.2.840.113619.2.110.512719.20250403092052,1.2.643.5.1.13.13.12.2.77.8252.06000805130607060714150602050114,1.2.643.5.1.13.13.12.2.77.8252.05040708141011140110131207130812,1.2.643.5.1.13.13.12.2.77.8252.06140010030611061314081200121305,data\raw\training\Исследования\1.2.840.113619.2.110.512719.20250403092052\series_003_3_CR\DXA\CR DXA\CR000000.dcm,CR,235,280,5,0,0,0,0,0,0,0,0,0,0,,hip,,hip,unknown,,,,,unknown
1.2.840.113619.2.110.512719.20250403092052,1.2.643.5.1.13.13.12.2.77.8252.06000805130607060714150602050114,1.2.643.5.1.13.13.12.2.77.8252.05040708141011140110131207130812,1.2.643.5.1.13.13.12.2.77.8252.09050515110402090102050206010406,data\raw\training\Исследования\1.2.840.113619.2.110.512719.20250403092052\series_003_3_CR\DXA\CR DXA\CR000001.dcm,CR,318,300,1,0,0,0,0,0,0,0,0,0,0,,spine,,spine,not_applicable,0,0,0,0,excel
1.2.840.113619.2.110.512719.20250403092052,1.2.643.5.1.13.13.12.2.77.8252.06000805130607060714150602050114,1.2.643.5.1.13.13.12.2.77.8252.05040708141011140110131207130812,1.2.643.5.1.13.13.12.2.77.8252.09040712010609120601031410140610,data\raw\training\Исследования\1.2.840.113619.2.110.512719.20250403092052\series_003_3_CR\DXA\CR DXA\CR000002.dcm,CR,263,280,6,0,0,0,0,0,0,0,0,0,0,,hip,,hip,unknown,,,,,unknown
1.2.840.113619.2.110.512719.20250403092052,1.2.643.5.1.13.13.12.2.77.8252.06000805130607060714150602050114,1.2.643.5.1.13.13.12.2.77.8252.05040708141011140110131207130812,1.2.643.5.1.13.13.12.2.77.8252.07120303070106110214090814060908,data\raw\training\Исследования\1.2.840.113619.2.110.512719.20250403092052\series_003_3_CR\DXA\CR DXA\CR000003.dcm,CR,263,280,4,0,0,0,0,0,0,0,0,0,0,,hip,,hip,unknown,,,,,unknown
1.2.840.113619.2.110.512719.20250403092052,1.2.643.5.1.13.13.12.2.77.8252.06000805130607060714150602050114,1.2.643.5.1.13.13.12.2.77.8252.05040708141011140110131207130812,1.2.643.5.1.13.13.12.2.77.8252.14060811030909110008140112131212,data\raw\training\Исследования\1.2.840.113619.2.110.512719.20250403092052\series_003_3_CR\DXA\CR DXA\CR000004.dcm,CR,235,280,8,0,0,0,0,0,0,0,0,0,0,,hip,,hip,unknown,,,,,unknown
1.2.840.113619.2.110.512719.20250403092052,1.2.643.5.1.13.13.12.2.77.8252.06000805130607060714150602050114,1.2.643.5.1.13.13.12.2.77.8252.05040708141011140110131207130812,1.2.643.5.1.13.13.12.2.77.8252.06111207031100151513000412070105,data\raw\training\Исследования\1.2.840.113619.2.110.512719.20250403092052\series_003_3_CR\DXA\CR DXA\CR000005.dcm,CR,318,300,3,0,0,0,0,0,0,0,0,0,0,,spine,,spine,not_applicable,0,0,0,0,excel
1.2.840.113619.2.110.512719.20250407113211,1.2.643.5.1.13.13.12.2.77.8252.02060902040212120608040605100100,1.2.643.5.1.13.13.12.2.77.8252.00150800070710000601130003010101,1.2.643.5.1.13.13.12.2.77.8252.07140808121311040315101301051200,data\raw\training\Исследования\1.2.840.113619.2.110.512719.20250407113211\series_001_2_CR\DXA\CR DXA\CR000000.dcm,CR,263,280,6,0,0,0,0,0,1,0,0,0,1,,hip,,hip,unknown,,,,,unknown
1.2.840.113619.2.110.512719.20250407113211,1.2.643.5.1.13.13.12.2.77.8252.02060902040212120608040605100100,1.2.643.5.1.13.13.12.2.77.8252.00150800070710000601130003010101,1.2.643.5.1.13.13.12.2.77.8252.10011302120900111505101501141402,data\raw\training\Исследования\1.2.840.113619.2.110.512719.20250407113211\series_001_2_CR\DXA\CR DXA\CR000001.dcm,CR,265,280,8,0,0,0,0,0,1,0,0,0,1,,hip,,hip,unknown,,,,,unknown
1.2.840.113619.2.110.512719.20250407113211,1.2.643.5.1.13.13.12.2.77.8252.02060902040212120608040605100100,1.2.643.5.1.13.13.12.2.77.8252.00150800070710000601130003010101,1.2.643.5.1.13.13.12.2.77.8252.03030413031313090107050002151508,data\raw\training\Исследования\1.2.840.113619.2.110.512719.20250407113211\series_001_2_CR\DXA\CR DXA\CR000002.dcm,CR,263,280,4,0,0,0,0,0,1,0,0,0,1,,hip,,hip,unknown,,,,,unknown
1.2.840.113619.2.110.512719.20250407113211,1.2.643.5.1.13.13.12.2.77.8252.02060902040212120608040605100100,1.2.643.5.1.13.13.12.2.77.8252.00150800070710000601130003010101,1.2.643.5.1.13.13.12.2.77.8252.13101207101114060008151413130115,data\raw\training\Исследования\1.2.840.113619.2.110.512719.20250407113211\series_001_2_CR\DXA\CR DXA\CR000003.dcm,CR,291,300,3,0,0,0,0,0,1,0,0,0,1,,spine,,spine,not_applicable,0,0,0,0,excel
1.2.840.113619.2.110.512719.20250407113211,1.2.643.5.1.13.13.12.2.77.8252.02060902040212120608040605100100,1.2.643.5.1.13.13.12.2.77.8252.00150800070710000601130003010101,1.2.643.5.1.13.13.12.2.77.8252.07150612000412081110110102150004,data\raw\training\Исследования\1.2.840.113619.2.110.512719.20250407113211\series_001_2_CR\DXA\CR DXA\CR000004.dcm,CR,291,300,1,0,0,0,0,0,1,0,0,0,1,,spine,,spine,not_applicable,0,0,0,0,excel
1.2.840.113619.2.110.512719.20250407113211,1.2.643.5.1.13.13.12.2.77.8252.02060902040212120608040605100100,1.2.643.5.1.13.13.12.2.77.8252.00150800070710000601130003010101,1.2.643.5.1.13.13.12.2.77.8252.08010006000103071201020606001302,data\raw\training\Исследования\1.2.840.113619.2.110.512719.20250407113211\series_001_2_CR\DXA\CR DXA\CR000005.dcm,CR,265,280,5,0,0,0,0,0,1,0,0,0,1,,hip,,hip,unknown,,,,,unknown
2.25.102965897799404973225419898683246248872,1.2.643.5.1.13.13.12.2.77.8252.02150001030902110114090106081007,1.2.643.5.1.13.13.12.2.77.8252.14031404130111051113020901140508,1.2.643.5.1.13.13.12.2.77.8252.10140807011010031112140700150015,data\raw\training\Исследования\2.25.102965897799404973225419898683246248872\series_001_2_CR\A250726353 DXA\CR DXA\CR000000.dcm,CR,235,280,3,0,0,0,0,0,0,0,0,0,0,сколиоз,hip,,hip,right,0,0,,0,pca_pair
2.25.102965897799404973225419898683246248872,1.2.643.5.1.13.13.12.2.77.8252.02150001030902110114090106081007,1.2.643.5.1.13.13.12.2.77.8252.14031404130111051113020901140508,1.2.643.5.1.13.13.12.2.77.8252.11011413051206050400150606100110,data\raw\training\Исследования\2.25.102965897799404973225419898683246248872\series_001_2_CR\A250726353 DXA\CR DXA\CR000001.dcm,CR,315,300,1,0,0,0,0,0,0,0,0,0,0,сколиоз,spine,,spine,not_applicable,0,0,0,0,excel
2.25.102965897799404973225419898683246248872,1.2.643.5.1.13.13.12.2.77.8252.02150001030902110114090106081007,1.2.643.5.1.13.13.12.2.77.8252.14031404130111051113020901140508,1.2.643.5.1.13.13.12.2.77.8252.06050309100102041203101101110913,data\raw\training\Исследования\2.25.102965897799404973225419898683246248872\series_001_2_CR\A250726353 DXA\CR DXA\CR000002.dcm,CR,263,280,5,0,0,0,0,0,0,0,0,0,0,сколиоз,hip,,hip,left,0,0,,0,pca_pair
2.25.103868781101960771917584077315578649178,1.2.643.5.1.13.13.12.2.77.8252.01081208070113050704060608151002,1.2.643.5.1.13.13.12.2.77.8252.12050900010703051402030614020613,1.2.643.5.1.13.13.12.2.77.8252.15031208100010080909150509041308,data\raw\training\Исследования\2.25.103868781101960771917584077315578649178\series_001_3_CR\A2507485409 DXA\CR DXA\CR000000.dcm,CR,322,280,3,0,0,0,0,0,0,0,0,0,0,сколиоз,hip,,hip,right,0,0,,0,pca_pair
2.25.103868781101960771917584077315578649178,1.2.643.5.1.13.13.12.2.77.8252.01081208070113050704060608151002,1.2.643.5.1.13.13.12.2.77.8252.12050900010703051402030614020613,1.2.643.5.1.13.13.12.2.77.8252.12051209130410130502141403101414,data\raw\training\Исследования\2.25.103868781101960771917584077315578649178\series_001_3_CR\A2507485409 DXA\CR DXA\CR000001.dcm,CR,320,280,5,0,0,0,0,0,0,0,0,0,0,сколиоз,hip,,hip,left,0,0,,0,pca_pair
2.25.103868781101960771917584077315578649178,1.2.643.5.1.13.13.12.2.77.8252.01081208070113050704060608151002,1.2.643.5.1.13.13.12.2.77.8252.12050900010703051402030614020613,1.2.643.5.1.13.13.12.2.77.8252.08120904010605130814050710080508,data\raw\training\Исследования\2.25.103868781101960771917584077315578649178\series_001_3_CR\A2507485409 DXA\CR DXA\CR000002.dcm,CR,289,300,1,0,0,0,0,0,0,0,0,0,0,сколиоз,spine,,spine,not_applicable,0,0,0,0,excel
2.25.105033841136787477881326326053319223817,1.2.643.5.1.13.13.12.2.77.8252.07010502020008121005080211011503,1.2.643.5.1.13.13.12.2.77.8252.02090908130314030815090205060103,1.2.643.5.1.13.13.12.2.77.8252.00071307071102020311080215100104,data\raw\training\Исследования\2.25.105033841136787477881326326053319223817\series_001_2_CR\A250790559 DXA\CR DXA\CR000000.dcm,CR,318,300,1,0,0,0,0,0,0,0,0,0,0,сколиоз,spine,,spine,not_applicable,0,0,0,0,excel
2.25.105033841136787477881326326053319223817,1.2.643.5.1.13.13.12.2.77.8252.07010502020008121005080211011503,1.2.643.5.1.13.13.12.2.77.8252.02090908130314030815090205060103,1.2.643.5.1.13.13.12.2.77.8252.12021012060504060503030002061208,data\raw\training\Исследования\2.25.105033841136787477881326326053319223817\series_001_2_CR\A250790559 DXA\CR DXA\CR000001.dcm,CR,318,300,3,0,0,0,0,0,0,0,0,0,0,сколиоз,spine,,spine,not_applicable,0,0,0,0,excel
2.25.105033841136787477881326326053319223817,1.2.643.5.1.13.13.12.2.77.8252.07010502020008121005080211011503,1.2.643.5.1.13.13.12.2.77.8252.02090908130314030815090205060103,1.2.643.5.1.13.13.12.2.77.8252.11131406091213131205130612021414,data\raw\training\Исследования\2.25.105033841136787477881326326053319223817\series_001_2_CR\A250790559 DXA\CR DXA\CR000002.dcm,CR,265,280,4,0,0,0,0,0,0,0,0,0,0,сколиоз,hip,,hip,unknown,,,,,unknown
2.25.105033841136787477881326326053319223817,1.2.643.5.1.13.13.12.2.77.8252.07010502020008121005080211011503,1.2.643.5.1.13.13.12.2.77.8252.02090908130314030815090205060103,1.2.643.5.1.13.13.12.2.77.8252.14130208070502001411050502150202,data\raw\training\Исследования\2.25.105033841136787477881326326053319223817\series_001_2_CR\A250790559 DXA\CR DXA\CR000003.dcm,CR,237,280,8,0,0,0,0,0,0,0,0,0,0,сколиоз,hip,,hip,unknown,,,,,unknown
2.25.105033841136787477881326326053319223817,1.2.643.5.1.13.13.12.2.77.8252.07010502020008121005080211011503,1.2.643.5.1.13.13.12.2.77.8252.02090908130314030815090205060103,1.2.643.5.1.13.13.12.2.77.8252.11120508121303130402081303070008,data\raw\training\Исследования\2.25.105033841136787477881326326053319223817\series_001_2_CR\A250790559 DXA\CR DXA\CR000004.dcm,CR,237,280,5,0,0,0,0,0,0,0,0,0,0,сколиоз,hip,,hip,unknown,,,,,unknown
2.25.105033841136787477881326326053319223817,1.2.643.5.1.13.13.12.2.77.8252.07010502020008121005080211011503,1.2.643.5.1.13.13.12.2.77.8252.02090908130314030815090205060103,1.2.643.5.1.13.13.12.2.77.8252.03090510061307040702090411010105,data\raw\training\Исследования\2.25.105033841136787477881326326053319223817\series_001_2_CR\A250790559 DXA\CR DXA\CR000005.dcm,CR,265,280,6,0,0,0,0,0,0,0,0,0,0,сколиоз,hip,,hip,unknown,,,,,unknown
2.25.108537195937431169718850276671337677972,1.2.643.5.1.13.13.12.2.77.8252.00011402030913150507081413120310,1.2.643.5.1.13.13.12.2.77.8252.14060700010215010604121013130202,1.2.643.5.1.13.13.12.2.77.8252.14031513011512070711151413071213,data\raw\training\Исследования\2.25.108537195937431169718850276671337677972\series_002_2_CR\A250479795 DXA\CR DXA\CR000000.dcm,CR,289,300,1,0,0,0,,,,,0,,,,spine,,spine,not_applicable,0,0,0,0,excel
2.25.11175860580562939441493697221497597640,1.2.643.5.1.13.13.12.2.77.8252.01021511080002000006040601030906,1.2.643.5.1.13.13.12.2.77.8252.06110201011504150103041213130110,1.2.643.5.1.13.13.12.2.77.8252.07121414121104070401050315140813,data\raw\training\Исследования\2.25.11175860580562939441493697221497597640\series_003_2_CR\A2507431060 DXA\CR DXA\CR000000.dcm,CR,348,280,5,0,0,1,,,0,0,1,,0,правое бедро эндопротезирования,hip,,hip,unknown,,,,,unknown
2.25.11175860580562939441493697221497597640,1.2.643.5.1.13.13.12.2.77.8252.01021511080002000006040601030906,1.2.643.5.1.13.13.12.2.77.8252.06110201011504150103041213130110,1.2.643.5.1.13.13.12.2.77.8252.11051001091403121310010813110103,data\raw\training\Исследования\2.25.11175860580562939441493697221497597640\series_003_2_CR\A2507431060 DXA\CR DXA\CR000001.dcm,CR,315,300,3,0,0,1,,,0,0,1,,0,правое бедро эндопротезирования,spine,,spine,not_applicable,0,0,1,1,excel
2.25.11175860580562939441493697221497597640,1.2.643.5.1.13.13.12.2.77.8252.01021511080002000006040601030906,1.2.643.5.1.13.13.12.2.77.8252.06110201011504150103041213130110,1.2.643.5.1.13.13.12.2.77.8252.12051512011202090502051206130907,data\raw\training\Исследования\2.25.11175860580562939441493697221497597640\series_003_2_CR\A2507431060 DXA\CR DXA\CR000002.dcm,CR,291,280,4,0,0,1,,,0,0,1,,0,правое бедро эндопротезирования,hip,,hip,unknown,,,,,unknown
2.25.11175860580562939441493697221497597640,1.2.643.5.1.13.13.12.2.77.8252.01021511080002000006040601030906,1.2.643.5.1.13.13.12.2.77.8252.06110201011504150103041213130110,1.2.643.5.1.13.13.12.2.77.8252.08110803080105090710150006100300,data\raw\training\Исследования\2.25.11175860580562939441493697221497597640\series_003_2_CR\A2507431060 DXA\CR DXA\CR000003.dcm,CR,291,280,6,0,0,1,,,0,0,1,,0,правое бедро эндопротезирования,hip,,hip,unknown,,,,,unknown
2.25.11175860580562939441493697221497597640,1.2.643.5.1.13.13.12.2.77.8252.01021511080002000006040601030906,1.2.643.5.1.13.13.12.2.77.8252.06110201011504150103041213130110,1.2.643.5.1.13.13.12.2.77.8252.13030903151515081500090603041412,data\raw\training\Исследования\2.25.11175860580562939441493697221497597640\series_003_2_CR\A2507431060 DXA\CR DXA\CR000004.dcm,CR,315,300,1,0,0,1,,,0,0,1,,0,правое бедро эндопротезирования,spine,,spine,not_applicable,0,0,1,1,excel
2.25.11175860580562939441493697221497597640,1.2.643.5.1.13.13.12.2.77.8252.01021511080002000006040601030906,1.2.643.5.1.13.13.12.2.77.8252.06110201011504150103041213130110,1.2.643.5.1.13.13.12.2.77.8252.08101400121500101415120401040211,data\raw\training\Исследования\2.25.11175860580562939441493697221497597640\series_003_2_CR\A2507431060 DXA\CR DXA\CR000005.dcm,CR,348,280,8,0,0,1,,,0,0,1,,0,правое бедро эндопротезирования,hip,,hip,unknown,,,,,unknown
2.25.112621744005021908434051268014787122937,1.2.643.5.1.13.13.12.2.77.8252.14150011111304110807130802031100,1.2.643.5.1.13.13.12.2.77.8252.05110008101209050614020515000101,1.2.643.5.1.13.13.12.2.77.8252.15090515141309140806011408041204,data\raw\training\Исследования\2.25.112621744005021908434051268014787122937\series_002_2_CR\A2504301685 DXA\CR DXA\CR000000.dcm,CR,291,300,1,0,0,0,,,,,0,,,сколиоз,spine,,spine,not_applicable,0,0,0,0,excel
2.25.116822802042655971810859435524105064465,1.2.643.5.1.13.13.12.2.77.8252.09001101031503060803041311070312,1.2.643.5.1.13.13.12.2.77.8252.15051111130111110005031000130012,1.2.643.5.1.13.13.12.2.77.8252.13011301091003020814061203020304,data\raw\training\Исследования\2.25.116822802042655971810859435524105064465\series_003_2_CR\A2507273296 DXA\CR DXA\CR000000.dcm,CR,235,280,6,0,0,0,0,0,0,0,0,0,0,,hip,,hip,left,0,0,,0,pca_pair
2.25.116822802042655971810859435524105064465,1.2.643.5.1.13.13.12.2.77.8252.09001101031503060803041311070312,1.2.643.5.1.13.13.12.2.77.8252.15051111130111110005031000130012,1.2.643.5.1.13.13.12.2.77.8252.01010713081306120510130101121412,data\raw\training\Исследования\2.25.116822802042655971810859435524105064465\series_003_2_CR\A2507273296 DXA\CR DXA\CR000001.dcm,CR,235,280,4,0,0,0,0,0,0,0,0,0,0,,hip,,hip,right,0,0,,0,pca_pair
2.25.116822802042655971810859435524105064465,1.2.643.5.1.13.13.12.2.77.8252.09001101031503060803041311070312,1.2.643.5.1.13.13.12.2.77.8252.15051111130111110005031000130012,1.2.643.5.1.13.13.12.2.77.8252.05150512091506110304120408070606,data\raw\training\Исследования\2.25.116822802042655971810859435524105064465\series_003_2_CR\A2507273296 DXA\CR DXA\CR000002.dcm,CR,318,300,1,0,0,0,0,0,0,0,0,0,0,,spine,,spine,not_applicable,0,0,0,0,excel
2.25.124890633326693921702195356152595253940,1.2.643.5.1.13.13.12.2.77.8252.04120502090713030002100002030500,1.2.643.5.1.13.13.12.2.77.8252.01091403020812111514040306051201,1.2.643.5.1.13.13.12.2.77.8252.04131510070001011107040403071102,data\raw\training\Исследования\2.25.124890633326693921702195356152595253940\series_002_2_CR\A2504263153 DXA\CR DXA\CR000000.dcm,CR,289,300,1,0,0,0,0,0,0,0,0,0,0,,spine,,spine,not_applicable,0,0,0,0,excel
2.25.124890633326693921702195356152595253940,1.2.643.5.1.13.13.12.2.77.8252.04120502090713030002100002030500,1.2.643.5.1.13.13.12.2.77.8252.01091403020812111514040306051201,1.2.643.5.1.13.13.12.2.77.8252.08050506060410091114110412130504,data\raw\training\Исследования\2.25.124890633326693921702195356152595253940\series_002_2_CR\A2504263153 DXA\CR DXA\CR000001.dcm,CR,261,280,3,0,0,0,0,0,0,0,0,0,0,,hip,,hip,right,0,0,,0,pca_pair
2.25.124890633326693921702195356152595253940,1.2.643.5.1.13.13.12.2.77.8252.04120502090713030002100002030500,1.2.643.5.1.13.13.12.2.77.8252.01091403020812111514040306051201,1.2.643.5.1.13.13.12.2.77.8252.10081312010805021201100507060411,data\raw\training\Исследования\2.25.124890633326693921702195356152595253940\series_002_2_CR\A2504263153 DXA\CR DXA\CR000002.dcm,CR,289,280,2,0,0,0,0,0,0,0,0,0,0,,hip,,hip,left,0,0,,0,pca_pair
2.25.125521310320333648427417313254965624364,1.2.643.5.1.13.13.12.2.77.8252.04020303131005050903141411050509,1.2.643.5.1.13.13.12.2.77.8252.08140808151310041506080514150202,1.2.643.5.1.13.13.12.2.77.8252.06141210040207130507130606070312,data\raw\training\Исследования\2.25.125521310320333648427417313254965624364\series_001_2_CR\A250444126 DXA\CR DXA\CR000000.dcm,CR,263,300,1,1,0,0,,,,,1,,,,spine,,spine,not_applicable,1,0,0,1,excel
2.25.127126130998341190348103034690069487890,1.2.643.5.1.13.13.12.2.77.8252.01100712050309061210070903020211,1.2.643.5.1.13.13.12.2.77.8252.11001009100713020715070907091012,1.2.643.5.1.13.13.12.2.77.8252.13130511100900071404010502130909,data\raw\training\Исследования\2.25.127126130998341190348103034690069487890\series_002_2_CR\A250428736 DXA\CR DXA\CR000000.dcm,CR,317,300,3,0,1,0,1,1,1,0,0,1,1,перелом,spine,,spine,not_applicable,0,1,0,0,excel
2.25.127126130998341190348103034690069487890,1.2.643.5.1.13.13.12.2.77.8252.01100712050309061210070903020211,1.2.643.5.1.13.13.12.2.77.8252.11001009100713020715070907091012,1.2.643.5.1.13.13.12.2.77.8252.10040807011312021210130513011200,data\raw\training\Исследования\2.25.127126130998341190348103034690069487890\series_002_2_CR\A250428736 DXA\CR DXA\CR000001.dcm,CR,315,280,6,0,1,0,1,1,1,0,0,1,1,перелом,hip,,hip,unknown,,,,,unknown
2.25.127126130998341190348103034690069487890,1.2.643.5.1.13.13.12.2.77.8252.01100712050309061210070903020211,1.2.643.5.1.13.13.12.2.77.8252.11001009100713020715070907091012,1.2.643.5.1.13.13.12.2.77.8252.03120008051300001208141011101302,data\raw\training\Исследования\2.25.127126130998341190348103034690069487890\series_002_2_CR\A250428736 DXA\CR DXA\CR000002.dcm,CR,315,280,4,0,1,0,1,1,1,0,0,1,1,перелом,hip,,hip,unknown,,,,,unknown
2.25.127126130998341190348103034690069487890,1.2.643.5.1.13.13.12.2.77.8252.01100712050309061210070903020211,1.2.643.5.1.13.13.12.2.77.8252.11001009100713020715070907091012,1.2.643.5.1.13.13.12.2.77.8252.01070801081413060013111012010201,data\raw\training\Исследования\2.25.127126130998341190348103034690069487890\series_002_2_CR\A250428736 DXA\CR DXA\CR000003.dcm,CR,206,280,8,0,1,0,1,1,1,0,0,1,1,перелом,hip,,hip,unknown,,,,,unknown
2.25.127126130998341190348103034690069487890,1.2.643.5.1.13.13.12.2.77.8252.01100712050309061210070903020211,1.2.643.5.1.13.13.12.2.77.8252.11001009100713020715070907091012,1.2.643.5.1.13.13.12.2.77.8252.14080500031007021314121106040303,data\raw\training\Исследования\2.25.127126130998341190348103034690069487890\series_002_2_CR\A250428736 DXA\CR DXA\CR000004.dcm,CR,317,300,1,0,1,0,1,1,1,0,0,1,1,перелом,spine,,spine,not_applicable,0,1,0,0,excel
2.25.127126130998341190348103034690069487890,1.2.643.5.1.13.13.12.2.77.8252.01100712050309061210070903020211,1.2.643.5.1.13.13.12.2.77.8252.11001009100713020715070907091012,1.2.643.5.1.13.13.12.2.77.8252.03020502031409151006020306090105,data\raw\training\Исследования\2.25.127126130998341190348103034690069487890\series_002_2_CR\A250428736 DXA\CR DXA\CR000005.dcm,CR,206,280,5,0,1,0,1,1,1,0,0,1,1,перелом,hip,,hip,unknown,,,,,unknown
2.25.12798473087614376830819854616447908612,1.2.643.5.1.13.13.12.2.77.8252.09130409131001141403120204031509,1.2.643.5.1.13.13.12.2.77.8252.14081015040803031104010909101002,1.2.643.5.1.13.13.12.2.77.8252.07111115111305011108141412010801,data\raw\training\Исследования\2.25.12798473087614376830819854616447908612\series_002_2_CR\A2507538847 DXA\CR DXA\CR000000.dcm,CR,318,300,1,0,0,0,,,,,0,,,эндопротезирования ТБС,spine,,spine,not_applicable,0,0,0,0,excel
2.25.12798473087614376830819854616447908612,1.2.643.5.1.13.13.12.2.77.8252.09130409131001141403120204031509,1.2.643.5.1.13.13.12.2.77.8252.14081015040803031104010909101002,1.2.643.5.1.13.13.12.2.77.8252.02011409120209130807021302101100,data\raw\training\Исследования\2.25.12798473087614376830819854616447908612\series_002_2_CR\A2507538847 DXA\CR DXA\CR000001.dcm,CR,401,248,3,0,0,0,,,,,0,,,эндопротезирования ТБС,hip,,hip,right,,,,,pca_pair
2.25.12798473087614376830819854616447908612,1.2.643.5.1.13.13.12.2.77.8252.09130409131001141403120204031509,1.2.643.5.1.13.13.12.2.77.8252.14081015040803031104010909101002,1.2.643.5.1.13.13.12.2.77.8252.07050602130910101513020700010509,data\raw\training\Исследования\2.25.12798473087614376830819854616447908612\series_002_2_CR\A2507538847 DXA\CR DXA\CR000002.dcm,CR,405,248,4,0,0,0,,,,,0,,,эндопротезирования ТБС,hip,,hip,left,,,,,pca_pair
2.25.128197189461989832465575162384360009377,1.2.643.5.1.13.13.12.2.77.8252.12090514001006040904030606011401,1.2.643.5.1.13.13.12.2.77.8252.07130405120111111507030310060806,1.2.643.5.1.13.13.12.2.77.8252.02030508140000071310150302011113,data\raw\training\Исследования\2.25.128197189461989832465575162384360009377\series_001_2_CR\A2507216909 DXA\CR DXA\CR000000.dcm,CR,317,300,1,0,0,0,,,,,0,,,,spine,,spine,not_applicable,0,0,0,0,excel
2.25.128630285053087246379265602913470285158,1.2.643.5.1.13.13.12.2.77.8252.02080810120709040103090703140106,1.2.643.5.1.13.13.12.2.77.8252.03151000130214010504070008111505,1.2.643.5.1.13.13.12.2.77.8252.09070705131210061514041509120513,data\raw\training\Исследования\2.25.128630285053087246379265602913470285158\series_003_2_CR\A2504394821 DXA\CR DXA\CR000000.dcm,CR,313,300,1,0,0,0,,,,,0,,,,spine,,spine,not_applicable,0,0,0,0,excel
2.25.128990540359421489042453547244535073735,1.2.643.5.1.13.13.12.2.77.8252.10140103050104100015110907140800,1.2.643.5.1.13.13.12.2.77.8252.13001207060704010711000314111409,1.2.643.5.1.13.13.12.2.77.8252.09150805131402040209060509150410,data\raw\training\Исследования\2.25.128990540359421489042453547244535073735\series_002_2_CR\A2507388698 DXA\CR DXA\CR000000.dcm,CR,266,280,10,1,0,0,1,0,1,0,1,1,1,,hip,,hip,unknown,,,,,unknown
2.25.128990540359421489042453547244535073735,1.2.643.5.1.13.13.12.2.77.8252.10140103050104100015110907140800,1.2.643.5.1.13.13.12.2.77.8252.13001207060704010711000314111409,1.2.643.5.1.13.13.12.2.77.8252.11000605051111050207041006140905,data\raw\training\Исследования\2.25.128990540359421489042453547244535073735\series_002_2_CR\A2507388698 DXA\CR DXA\CR000001.dcm,CR,320,300,8,1,0,0,1,0,1,0,1,1,1,,spine,,spine,not_applicable,1,0,0,1,excel
2.25.128990540359421489042453547244535073735,1.2.643.5.1.13.13.12.2.77.8252.10140103050104100015110907140800,1.2.643.5.1.13.13.12.2.77.8252.13001207060704010711000314111409,1.2.643.5.1.13.13.12.2.77.8252.09060004140611120111091509030603,data\raw\training\Исследования\2.25.128990540359421489042453547244535073735\series_002_2_CR\A2507388698 DXA\CR DXA\CR000002.dcm,CR,266,280,3,1,0,0,1,0,1,0,1,1,1,,hip,,hip,unknown,,,,,unknown
2.25.128990540359421489042453547244535073735,1.2.643.5.1.13.13.12.2.77.8252.10140103050104100015110907140800,1.2.643.5.1.13.13.12.2.77.8252.13001207060704010711000314111409,1.2.643.5.1.13.13.12.2.77.8252.02111507100612121000021204080801,data\raw\training\Исследования\2.25.128990540359421489042453547244535073735\series_002_2_CR\A2507388698 DXA\CR DXA\CR000003.dcm,CR,268,280,9,1,0,0,1,0,1,0,1,1,1,,hip,,hip,unknown,,,,,unknown
2.25.128990540359421489042453547244535073735,1.2.643.5.1.13.13.12.2.77.8252.10140103050104100015110907140800,1.2.643.5.1.13.13.12.2.77.8252.13001207060704010711000314111409,1.2.643.5.1.13.13.12.2.77.8252.04071014120313000711051010091409,data\raw\training\Исследования\2.25.128990540359421489042453547244535073735\series_002_2_CR\A2507388698 DXA\CR DXA\CR000004.dcm,CR,320,300,1,1,0,0,1,0,1,0,1,1,1,,spine,,spine,not_applicable,1,0,0,1,excel
2.25.128990540359421489042453547244535073735,1.2.643.5.1.13.13.12.2.77.8252.10140103050104100015110907140800,1.2.643.5.1.13.13.12.2.77.8252.13001207060704010711000314111409,1.2.643.5.1.13.13.12.2.77.8252.12120911020011140507050515090906,data\raw\training\Исследования\2.25.128990540359421489042453547244535073735\series_002_2_CR\A2507388698 DXA\CR DXA\CR000005.dcm,CR,268,280,5,1,0,0,1,0,1,0,1,1,1,,hip,,hip,unknown,,,,,unknown
2.25.129239680100193368599713239115902740628,1.2.643.5.1.13.13.12.2.77.8252.08111201111203050510020404121406,1.2.643.5.1.13.13.12.2.77.8252.11141107151507080610011102100811,1.2.643.5.1.13.13.12.2.77.8252.00131503020212110600101502020700,data\raw\training\Исследования\2.25.129239680100193368599713239115902740628\series_003_3_CR\A250757345 DXA\CR DXA\CR000000.dcm,CR,320,280,1,,,,,,1,0,,,1,,hip,,hip,unknown,,,,,unknown
2.25.13069823278093578548407087310307113784,1.2.643.5.1.13.13.12.2.77.8252.01101508090608101115020806060015,1.2.643.5.1.13.13.12.2.77.8252.00071407120513051408041503071313,1.2.643.5.1.13.13.12.2.77.8252.12051101030200021506031210090702,data\raw\training\Исследования\2.25.13069823278093578548407087310307113784\series_003_2_CR\A2507242667 DXA\CR DXA\CR000000.dcm,CR,206,280,3,0,0,0,0,1,0,1,0,1,1,,hip,,hip,right,0,1,,1,pca_pair
2.25.13069823278093578548407087310307113784,1.2.643.5.1.13.13.12.2.77.8252.01101508090608101115020806060015,1.2.643.5.1.13.13.12.2.77.8252.00071407120513051408041503071313,1.2.643.5.1.13.13.12.2.77.8252.05100110120015150515030506140402,data\raw\training\Исследования\2.25.13069823278093578548407087310307113784\series_003_2_CR\A2507242667 DXA\CR DXA\CR000001.dcm,CR,343,300,1,0,0,0,0,1,0,1,0,1,1,,spine,,spine,not_applicable,0,0,0,0,excel
2.25.13069823278093578548407087310307113784,1.2.643.5.1.13.13.12.2.77.8252.01101508090608101115020806060015,1.2.643.5.1.13.13.12.2.77.8252.00071407120513051408041503071313,1.2.643.5.1.13.13.12.2.77.8252.06081211090913150712130913130401,data\raw\training\Исследования\2.25.13069823278093578548407087310307113784\series_003_2_CR\A2507242667 DXA\CR DXA\CR000002.dcm,CR,180,280,5,0,0,0,0,1,0,1,0,1,1,,hip,,hip,left,0,1,,1,pca_pair
2.25.132272637351979990811754009849547633391,1.2.643.5.1.13.13.12.2.77.8252.07060700030806121503030014110206,1.2.643.5.1.13.13.12.2.77.8252.00100415070311100312040914100100,1.2.643.5.1.13.13.12.2.77.8252.05020106091400040809110708040301,data\raw\training\Исследования\2.25.132272637351979990811754009849547633391\series_003_3_CR\A2504141080 DXA\CR DXA\CR000000.dcm,CR,261,280,3,0,0,0,0,0,0,0,0,0,0,,hip,,hip,right,0,0,,0,pca_pair
2.25.132272637351979990811754009849547633391,1.2.643.5.1.13.13.12.2.77.8252.07060700030806121503030014110206,1.2.643.5.1.13.13.12.2.77.8252.00100415070311100312040914100100,1.2.643.5.1.13.13.12.2.77.8252.15140601101305061400021505010802,data\raw\training\Исследования\2.25.132272637351979990811754009849547633391\series_003_3_CR\A2504141080 DXA\CR DXA\CR000001.dcm,CR,261,280,5,0,0,0,0,0,0,0,0,0,0,,hip,,hip,left,0,0,,0,pca_pair
2.25.132272637351979990811754009849547633391,1.2.643.5.1.13.13.12.2.77.8252.07060700030806121503030014110206,1.2.643.5.1.13.13.12.2.77.8252.00100415070311100312040914100100,1.2.643.5.1.13.13.12.2.77.8252.07151108041411120004040810151209,data\raw\training\Исследования\2.25.132272637351979990811754009849547633391\series_003_3_CR\A2504141080 DXA\CR DXA\CR000002.dcm,CR,289,300,1,0,0,0,0,0,0,0,0,0,0,,spine,,spine,not_applicable,0,0,0,0,excel
2.25.13566237352084812982996047541944701548,1.2.643.5.1.13.13.12.2.77.8252.02110607061101140709130908071405,1.2.643.5.1.13.13.12.2.77.8252.15111204051104061107070701150414,1.2.643.5.1.13.13.12.2.77.8252.09030712140506070904071003000708,data\raw\training\Исследования\2.25.13566237352084812982996047541944701548\series_002_2_CR\A2504268931 DXA\CR DXA\CR000000.dcm,CR,320,300,1,0,0,0,,,,,0,,,,spine,,spine,not_applicable,0,0,0,0,excel
2.25.137675513852774974135210999345676405116,1.2.643.5.1.13.13.12.2.77.8252.00091501080806120506120114090107,1.2.643.5.1.13.13.12.2.77.8252.12020303020401061308020605011214,1.2.643.5.1.13.13.12.2.77.8252.05060902130204131205041207051405,data\raw\training\Исследования\2.25.137675513852774974135210999345676405116\series_001_2_CR\A2504106597 DXA\CR DXA\CR000000.dcm,CR,317,300,1,0,0,0,,,,,0,,,,spine,,spine,not_applicable,0,0,0,0,excel
2.25.13983650679559142983913935144968795415,1.2.643.5.1.13.13.12.2.77.8252.04111012020210100809111310020901,1.2.643.5.1.13.13.12.2.77.8252.15070309040300110003000703070201,1.2.643.5.1.13.13.12.2.77.8252.01100509051301061200120505020711,data\raw\training\Исследования\2.25.13983650679559142983913935144968795415\series_003_2_CR\A2504335111 DXA\CR DXA\CR000000.dcm,CR,289,300,3,0,0,0,0,0,0,0,0,0,0,,spine,,spine,not_applicable,0,0,0,0,excel
2.25.13983650679559142983913935144968795415,1.2.643.5.1.13.13.12.2.77.8252.04111012020210100809111310020901,1.2.643.5.1.13.13.12.2.77.8252.15070309040300110003000703070201,1.2.643.5.1.13.13.12.2.77.8252.02030711120805150008090200030710,data\raw\training\Исследования\2.25.13983650679559142983913935144968795415\series_003_2_CR\A2504335111 DXA\CR DXA\CR000001.dcm,CR,289,280,8,0,0,0,0,0,0,0,0,0,0,,hip,,hip,unknown,,,,,unknown
2.25.13983650679559142983913935144968795415,1.2.643.5.1.13.13.12.2.77.8252.04111012020210100809111310020901,1.2.643.5.1.13.13.12.2.77.8252.15070309040300110003000703070201,1.2.643.5.1.13.13.12.2.77.8252.05100908130706051511060907050202,data\raw\training\Исследования\2.25.13983650679559142983913935144968795415\series_003_2_CR\A2504335111 DXA\CR DXA\CR000002.dcm,CR,289,280,6,0,0,0,0,0,0,0,0,0,0,,hip,,hip,unknown,,,,,unknown
2.25.13983650679559142983913935144968795415,1.2.643.5.1.13.13.12.2.77.8252.04111012020210100809111310020901,1.2.643.5.1.13.13.12.2.77.8252.15070309040300110003000703070201,1.2.643.5.1.13.13.12.2.77.8252.07080813110202150000000512100700,data\raw\training\Исследования\2.25.13983650679559142983913935144968795415\series_003_2_CR\A2504335111 DXA\CR DXA\CR000003.dcm,CR,289,300,1,0,0,0,0,0,0,0,0,0,0,,spine,,spine,not_applicable,0,0,0,0,excel
2.25.13983650679559142983913935144968795415,1.2.643.5.1.13.13.12.2.77.8252.04111012020210100809111310020901,1.2.643.5.1.13.13.12.2.77.8252.15070309040300110003000703070201,1.2.643.5.1.13.13.12.2.77.8252.04081012050615111107130109120010,data\raw\training\Исследования\2.25.13983650679559142983913935144968795415\series_003_2_CR\A2504335111 DXA\CR DXA\CR000004.dcm,CR,289,280,4,0,0,0,0,0,0,0,0,0,0,,hip,,hip,unknown,,,,,unknown
2.25.13983650679559142983913935144968795415,1.2.643.5.1.13.13.12.2.77.8252.04111012020210100809111310020901,1.2.643.5.1.13.13.12.2.77.8252.15070309040300110003000703070201,1.2.643.5.1.13.13.12.2.77.8252.02081511091502140105000012140914,data\raw\training\Исследования\2.25.13983650679559142983913935144968795415\series_003_2_CR\A2504335111 DXA\CR DXA\CR000005.dcm,CR,289,280,5,0,0,0,0,0,0,0,0,0,0,,hip,,hip,unknown,,,,,unknown
2.25.144941557565802351596730914409170713112,1.2.643.5.1.13.13.12.2.77.8252.06041008131200110706010301000604,1.2.643.5.1.13.13.12.2.77.8252.11070904131012020713131101020302,1.2.643.5.1.13.13.12.2.77.8252.01100715050305071000110707040014,data\raw\training\Исследования\2.25.144941557565802351596730914409170713112\series_001_2_CR\A250728979 DXA\CR DXA\CR000000.dcm,CR,268,280,10,0,0,0,1,0,0,0,0,1,0,,hip,,hip,unknown,,,,,unknown
2.25.144941557565802351596730914409170713112,1.2.643.5.1.13.13.12.2.77.8252.06041008131200110706010301000604,1.2.643.5.1.13.13.12.2.77.8252.11070904131012020713131101020302,1.2.643.5.1.13.13.12.2.77.8252.05030004000114011306070703000900,data\raw\training\Исследования\2.25.144941557565802351596730914409170713112\series_001_2_CR\A250728979 DXA\CR DXA\CR000001.dcm,CR,268,280,12,0,0,0,1,0,0,0,0,1,0,,hip,,hip,unknown,,,,,unknown
2.25.144941557565802351596730914409170713112,1.2.643.5.1.13.13.12.2.77.8252.06041008131200110706010301000604,1.2.643.5.1.13.13.12.2.77.8252.11070904131012020713131101020302,1.2.643.5.1.13.13.12.2.77.8252.14070202101304120203120502100808,data\raw\training\Исследования\2.25.144941557565802351596730914409170713112\series_001_2_CR\A250728979 DXA\CR DXA\CR000002.dcm,CR,268,280,2,0,0,0,1,0,0,0,0,1,0,,hip,,hip,unknown,,,,,unknown
2.25.144941557565802351596730914409170713112,1.2.643.5.1.13.13.12.2.77.8252.06041008131200110706010301000604,1.2.643.5.1.13.13.12.2.77.8252.11070904131012020713131101020302,1.2.643.5.1.13.13.12.2.77.8252.03000804151513141409051310151514,data\raw\training\Исследования\2.25.144941557565802351596730914409170713112\series_001_2_CR\A250728979 DXA\CR DXA\CR000003.dcm,CR,268,280,11,0,0,0,1,0,0,0,0,1,0,,hip,,hip,unknown,,,,,unknown
2.25.144941557565802351596730914409170713112,1.2.643.5.1.13.13.12.2.77.8252.06041008131200110706010301000604,1.2.643.5.1.13.13.12.2.77.8252.11070904131012020713131101020302,1.2.643.5.1.13.13.12.2.77.8252.10050606131001041108060208080404,data\raw\training\Исследования\2.25.144941557565802351596730914409170713112\series_001_2_CR\A250728979 DXA\CR DXA\CR000004.dcm,CR,268,280,13,0,0,0,1,0,0,0,0,1,0,,hip,,hip,unknown,,,,,unknown
2.25.144941557565802351596730914409170713112,1.2.643.5.1.13.13.12.2.77.8252.06041008131200110706010301000604,1.2.643.5.1.13.13.12.2.77.8252.11070904131012020713131101020302,1.2.643.5.1.13.13.12.2.77.8252.13110302070015120304051003100511,data\raw\training\Исследования\2.25.144941557565802351596730914409170713112\series_001_2_CR\A250728979 DXA\CR DXA\CR000005.dcm,CR,268,280,5,0,0,0,1,0,0,0,0,1,0,,hip,,hip,unknown,,,,,unknown
2.25.144941557565802351596730914409170713112,1.2.643.5.1.13.13.12.2.77.8252.06041008131200110706010301000604,1.2.643.5.1.13.13.12.2.77.8252.11070904131012020713131101020302,1.2.643.5.1.13.13.12.2.77.8252.14021109030605071205090308080911,data\raw\training\Исследования\2.25.144941557565802351596730914409170713112\series_001_2_CR\A250728979 DXA\CR DXA\CR000006.dcm,CR,322,300,9,0,0,0,1,0,0,0,0,1,0,,spine,,spine,not_applicable,0,0,0,0,excel
2.25.144941557565802351596730914409170713112,1.2.643.5.1.13.13.12.2.77.8252.06041008131200110706010301000604,1.2.643.5.1.13.13.12.2.77.8252.11070904131012020713131101020302,1.2.643.5.1.13.13.12.2.77.8252.02000707141211070603071400111001,data\raw\training\Исследования\2.25.144941557565802351596730914409170713112\series_001_2_CR\A250728979 DXA\CR DXA\CR000007.dcm,CR,268,280,6,0,0,0,1,0,0,0,0,1,0,,hip,,hip,unknown,,,,,unknown
2.25.144941557565802351596730914409170713112,1.2.643.5.1.13.13.12.2.77.8252.06041008131200110706010301000604,1.2.643.5.1.13.13.12.2.77.8252.11070904131012020713131101020302,1.2.643.5.1.13.13.12.2.77.8252.12001403040706100907100308030007,data\raw\training\Исследования\2.25.144941557565802351596730914409170713112\series_001_2_CR\A250728979 DXA\CR DXA\CR000008.dcm,CR,322,300,4,0,0,0,1,0,0,0,0,1,0,,spine,,spine,not_applicable,0,0,0,0,excel
2.25.144941557565802351596730914409170713112,1.2.643.5.1.13.13.12.2.77.8252.06041008131200110706010301000604,1.2.643.5.1.13.13.12.2.77.8252.11070904131012020713131101020302,1.2.643.5.1.13.13.12.2.77.8252.03150209000513130305020013101408,data\raw\training\Исследования\2.25.144941557565802351596730914409170713112\series_001_2_CR\A250728979 DXA\CR DXA\CR000009.dcm,CR,322,300,1,0,0,0,1,0,0,0,0,1,0,,spine,,spine,not_applicable,0,0,0,0,excel
2.25.144941557565802351596730914409170713112,1.2.643.5.1.13.13.12.2.77.8252.06041008131200110706010301000604,1.2.643.5.1.13.13.12.2.77.8252.11070904131012020713131101020302,1.2.643.5.1.13.13.12.2.77.8252.08060612000510000609001512070103,data\raw\training\Исследования\2.25.144941557565802351596730914409170713112\series_001_2_CR\A250728979 DXA\CR DXA\CR000010.dcm,CR,268,280,3,0,0,0,1,0,0,0,0,1,0,,hip,,hip,unknown,,,,,unknown
2.25.151186844055172005615813066162721550889,1.2.643.5.1.13.13.12.2.77.8252.02060202021413001406000512080208,1.2.643.5.1.13.13.12.2.77.8252.15060712090112130410001208090603,1.2.643.5.1.13.13.12.2.77.8252.07051313070907070603030815070904,data\raw\training\Исследования\2.25.151186844055172005615813066162721550889\series_002_2_CR\A250436130 DXA\CR DXA\CR000000.dcm,CR,344,300,1,0,0,0,0,0,0,0,0,0,0,,spine,,spine,not_applicable,0,0,0,0,excel
2.25.151186844055172005615813066162721550889,1.2.643.5.1.13.13.12.2.77.8252.02060202021413001406000512080208,1.2.643.5.1.13.13.12.2.77.8252.15060712090112130410001208090603,1.2.643.5.1.13.13.12.2.77.8252.06120514140811101106020900110711,data\raw\training\Исследования\2.25.151186844055172005615813066162721550889\series_002_2_CR\A250436130 DXA\CR DXA\CR000001.dcm,CR,289,280,3,0,0,0,0,0,0,0,0,0,0,,hip,,hip,right,0,0,,0,pca_pair
2.25.151186844055172005615813066162721550889,1.2.643.5.1.13.13.12.2.77.8252.02060202021413001406000512080208,1.2.643.5.1.13.13.12.2.77.8252.15060712090112130410001208090603,1.2.643.5.1.13.13.12.2.77.8252.07071507091013150605060411110414,data\raw\training\Исследования\2.25.151186844055172005615813066162721550889\series_002_2_CR\A250436130 DXA\CR DXA\CR000002.dcm,CR,261,280,2,0,0,0,0,0,0,0,0,0,0,,hip,,hip,left,0,0,,0,pca_pair
2.25.156021661584944120526934974594604520993,1.2.643.5.1.13.13.12.2.77.8252.07100203071411091300120005090303,1.2.643.5.1.13.13.12.2.77.8252.14040700071514111407031412020703,1.2.643.5.1.13.13.12.2.77.8252.09130714090405151215050914040809,data\raw\training\Исследования\2.25.156021661584944120526934974594604520993\series_003_2_CR\A2507142228 DXA\CR DXA\CR000000.dcm,CR,315,300,12,0,0,0,0,0,0,0,0,0,0,,spine,,spine,not_applicable,0,0,0,0,excel
2.25.156021661584944120526934974594604520993,1.2.643.5.1.13.13.12.2.77.8252.07100203071411091300120005090303,1.2.643.5.1.13.13.12.2.77.8252.14040700071514111407031412020703,1.2.643.5.1.13.13.12.2.77.8252.09091502110711081102050610090100,data\raw\training\Исследования\2.25.156021661584944120526934974594604520993\series_003_2_CR\A2507142228 DXA\CR DXA\CR000001.dcm,CR,261,280,8,0,0,0,0,0,0,0,0,0,0,,hip,,hip,unknown,,,,,unknown
2.25.156021661584944120526934974594604520993,1.2.643.5.1.13.13.12.2.77.8252.07100203071411091300120005090303,1.2.643.5.1.13.13.12.2.77.8252.14040700071514111407031412020703,1.2.643.5.1.13.13.12.2.77.8252.02061505000012091414020201140711,data\raw\training\Исследования\2.25.156021661584944120526934974594604520993\series_003_2_CR\A2507142228 DXA\CR DXA\CR000002.dcm,CR,261,280,14,0,0,0,0,0,0,0,0,0,0,,hip,,hip,unknown,,,,,unknown
2.25.156021661584944120526934974594604520993,1.2.643.5.1.13.13.12.2.77.8252.07100203071411091300120005090303,1.2.643.5.1.13.13.12.2.77.8252.14040700071514111407031412020703,1.2.643.5.1.13.13.12.2.77.8252.12020806150405080200131300151004,data\raw\training\Исследования\2.25.156021661584944120526934974594604520993\series_003_2_CR\A2507142228 DXA\CR DXA\CR000003.dcm,CR,261,280,7,0,0,0,0,0,0,0,0,0,0,,hip,,hip,unknown,,,,,unknown
2.25.156021661584944120526934974594604520993,1.2.643.5.1.13.13.12.2.77.8252.07100203071411091300120005090303,1.2.643.5.1.13.13.12.2.77.8252.14040700071514111407031412020703,1.2.643.5.1.13.13.12.2.77.8252.04040506120312070613131201100500,data\raw\training\Исследования\2.25.156021661584944120526934974594604520993\series_003_2_CR\A2507142228 DXA\CR DXA\CR000004.dcm,CR,261,280,9,0,0,0,0,0,0,0,0,0,0,,hip,,hip,unknown,,,,,unknown
2.25.156021661584944120526934974594604520993,1.2.643.5.1.13.13.12.2.77.8252.07100203071411091300120005090303,1.2.643.5.1.13.13.12.2.77.8252.14040700071514111407031412020703,1.2.643.5.1.13.13.12.2.77.8252.04130713101511140710050408091506,data\raw\training\Исследования\2.25.156021661584944120526934974594604520993\series_003_2_CR\A2507142228 DXA\CR DXA\CR000005.dcm,CR,261,280,5,0,0,0,0,0,0,0,0,0,0,,hip,,hip,unknown,,,,,unknown
2.25.156021661584944120526934974594604520993,1.2.643.5.1.13.13.12.2.77.8252.07100203071411091300120005090303,1.2.643.5.1.13.13.12.2.77.8252.14040700071514111407031412020703,1.2.643.5.1.13.13.12.2.77.8252.11080103090607140209131008021505,data\raw\training\Исследования\2.25.156021661584944120526934974594604520993\series_003_2_CR\A2507142228 DXA\CR DXA\CR000006.dcm,CR,261,280,6,0,0,0,0,0,0,0,0,0,0,,hip,,hip,unknown,,,,,unknown
2.25.156021661584944120526934974594604520993,1.2.643.5.1.13.13.12.2.77.8252.07100203071411091300120005090303,1.2.643.5.1.13.13.12.2.77.8252.14040700071514111407031412020703,1.2.643.5.1.13.13.12.2.77.8252.05041404051513101304111210060012,data\raw\training\Исследования\2.25.156021661584944120526934974594604520993\series_003_2_CR\A2507142228 DXA\CR DXA\CR000007.dcm,CR,261,280,3,0,0,0,0,0,0,0,0,0,0,,hip,,hip,unknown,,,,,unknown
2.25.156021661584944120526934974594604520993,1.2.643.5.1.13.13.12.2.77.8252.07100203071411091300120005090303,1.2.643.5.1.13.13.12.2.77.8252.14040700071514111407031412020703,1.2.643.5.1.13.13.12.2.77.8252.10050703151214090610040504130101,data\raw\training\Исследования\2.25.156021661584944120526934974594604520993\series_003_2_CR\A2507142228 DXA\CR DXA\CR000008.dcm,CR,315,300,4,0,0,0,0,0,0,0,0,0,0,,spine,,spine,not_applicable,0,0,0,0,excel
2.25.156021661584944120526934974594604520993,1.2.643.5.1.13.13.12.2.77.8252.07100203071411091300120005090303,1.2.643.5.1.13.13.12.2.77.8252.14040700071514111407031412020703,1.2.643.5.1.13.13.12.2.77.8252.01020015070311140900060907010202,data\raw\training\Исследования\2.25.156021661584944120526934974594604520993\series_003_2_CR\A2507142228 DXA\CR DXA\CR000009.dcm,CR,261,280,13,0,0,0,0,0,0,0,0,0,0,,hip,,hip,unknown,,,,,unknown
2.25.156021661584944120526934974594604520993,1.2.643.5.1.13.13.12.2.77.8252.07100203071411091300120005090303,1.2.643.5.1.13.13.12.2.77.8252.14040700071514111407031412020703,1.2.643.5.1.13.13.12.2.77.8252.11001008080504080903151311021305,data\raw\training\Исследования\2.25.156021661584944120526934974594604520993\series_003_2_CR\A2507142228 DXA\CR DXA\CR000010.dcm,CR,261,280,2,0,0,0,0,0,0,0,0,0,0,,hip,,hip,unknown,,,,,unknown
2.25.156021661584944120526934974594604520993,1.2.643.5.1.13.13.12.2.77.8252.07100203071411091300120005090303,1.2.643.5.1.13.13.12.2.77.8252.14040700071514111407031412020703,1.2.643.5.1.13.13.12.2.77.8252.10070914150303091307080902000612,data\raw\training\Исследования\2.25.156021661584944120526934974594604520993\series_003_2_CR\A2507142228 DXA\CR DXA\CR000011.dcm,CR,315,300,1,0,0,0,0,0,0,0,0,0,0,,spine,,spine,not_applicable,0,0,0,0,excel
2.25.156375884487675936513403083218009333856,1.2.643.5.1.13.13.12.2.77.8252.03010905090814080711141406121501,1.2.643.5.1.13.13.12.2.77.8252.06090615030507090305110605000508,1.2.643.5.1.13.13.12.2.77.8252.04001402031200081204010009090110,data\raw\training\Исследования\2.25.156375884487675936513403083218009333856\series_003_2_CR\A250727121 DXA\CR DXA\CR000000.dcm,CR,291,280,3,0,0,1,0,0,0,0,1,0,0,,hip,,hip,unknown,,,,,unknown
2.25.156375884487675936513403083218009333856,1.2.643.5.1.13.13.12.2.77.8252.03010905090814080711141406121501,1.2.643.5.1.13.13.12.2.77.8252.06090615030507090305110605000508,1.2.643.5.1.13.13.12.2.77.8252.07090311111312140315080706100515,data\raw\training\Исследования\2.25.156375884487675936513403083218009333856\series_003_2_CR\A250727121 DXA\CR DXA\CR000001.dcm,CR,317,300,4,0,0,1,0,0,0,0,1,0,0,,spine,,spine,not_applicable,0,0,1,1,excel
2.25.156375884487675936513403083218009333856,1.2.643.5.1.13.13.12.2.77.8252.03010905090814080711141406121501,1.2.643.5.1.13.13.12.2.77.8252.06090615030507090305110605000508,1.2.643.5.1.13.13.12.2.77.8252.14151108130201081305130506031009,data\raw\training\Исследования\2.25.156375884487675936513403083218009333856\series_003_2_CR\A250727121 DXA\CR DXA\CR000002.dcm,CR,291,280,6,0,0,1,0,0,0,0,1,0,0,,hip,,hip,unknown,,,,,unknown
2.25.156375884487675936513403083218009333856,1.2.643.5.1.13.13.12.2.77.8252.03010905090814080711141406121501,1.2.643.5.1.13.13.12.2.77.8252.06090615030507090305110605000508,1.2.643.5.1.13.13.12.2.77.8252.14051207080309081314081508110108,data\raw\training\Исследования\2.25.156375884487675936513403083218009333856\series_003_2_CR\A250727121 DXA\CR DXA\CR000003.dcm,CR,317,300,9,0,0,1,0,0,0,0,1,0,0,,spine,,spine,not_applicable,0,0,1,1,excel
2.25.156375884487675936513403083218009333856,1.2.643.5.1.13.13.12.2.77.8252.03010905090814080711141406121501,1.2.643.5.1.13.13.12.2.77.8252.06090615030507090305110605000508,1.2.643.5.1.13.13.12.2.77.8252.00010208150107110206110212130810,data\raw\training\Исследования\2.25.156375884487675936513403083218009333856\series_003_2_CR\A250727121 DXA\CR DXA\CR000004.dcm,CR,291,280,2,0,0,1,0,0,0,0,1,0,0,,hip,,hip,unknown,,,,,unknown
2.25.156375884487675936513403083218009333856,1.2.643.5.1.13.13.12.2.77.8252.03010905090814080711141406121501,1.2.643.5.1.13.13.12.2.77.8252.06090615030507090305110605000508,1.2.643.5.1.13.13.12.2.77.8252.09011413060403000011030100010009,data\raw\training\Исследования\2.25.156375884487675936513403083218009333856\series_003_2_CR\A250727121 DXA\CR DXA\CR000005.dcm,CR,291,280,12,0,0,1,0,0,0,0,1,0,0,,hip,,hip,unknown,,,,,unknown
2.25.156375884487675936513403083218009333856,1.2.643.5.1.13.13.12.2.77.8252.03010905090814080711141406121501,1.2.643.5.1.13.13.12.2.77.8252.06090615030507090305110605000508,1.2.643.5.1.13.13.12.2.77.8252.08030713030704060311150311011102,data\raw\training\Исследования\2.25.156375884487675936513403083218009333856\series_003_2_CR\A250727121 DXA\CR DXA\CR000006.dcm,CR,291,280,7,0,0,1,0,0,0,0,1,0,0,,hip,,hip,unknown,,,,,unknown
2.25.156375884487675936513403083218009333856,1.2.643.5.1.13.13.12.2.77.8252.03010905090814080711141406121501,1.2.643.5.1.13.13.12.2.77.8252.06090615030507090305110605000508,1.2.643.5.1.13.13.12.2.77.8252.05051104100602100505120514140315,data\raw\training\Исследования\2.25.156375884487675936513403083218009333856\series_003_2_CR\A250727121 DXA\CR DXA\CR000007.dcm,CR,291,280,11,0,0,1,0,0,0,0,1,0,0,,hip,,hip,unknown,,,,,unknown
2.25.156375884487675936513403083218009333856,1.2.643.5.1.13.13.12.2.77.8252.03010905090814080711141406121501,1.2.643.5.1.13.13.12.2.77.8252.06090615030507090305110605000508,1.2.643.5.1.13.13.12.2.77.8252.02120313110611140813031405011300,data\raw\training\Исследования\2.25.156375884487675936513403083218009333856\series_003_2_CR\A250727121 DXA\CR DXA\CR000008.dcm,CR,291,280,5,0,0,1,0,0,0,0,1,0,0,,hip,,hip,unknown,,,,,unknown
2.25.156375884487675936513403083218009333856,1.2.643.5.1.13.13.12.2.77.8252.03010905090814080711141406121501,1.2.643.5.1.13.13.12.2.77.8252.06090615030507090305110605000508,1.2.643.5.1.13.13.12.2.77.8252.01081107130715100908030700130001,data\raw\training\Исследования\2.25.156375884487675936513403083218009333856\series_003_2_CR\A250727121 DXA\CR DXA\CR000009.dcm,CR,317,300,1,0,0,1,0,0,0,0,1,0,0,,spine,,spine,not_applicable,0,0,1,1,excel
2.25.156375884487675936513403083218009333856,1.2.643.5.1.13.13.12.2.77.8252.03010905090814080711141406121501,1.2.643.5.1.13.13.12.2.77.8252.06090615030507090305110605000508,1.2.643.5.1.13.13.12.2.77.8252.02031105000207140511130815071303,data\raw\training\Исследования\2.25.156375884487675936513403083218009333856\series_003_2_CR\A250727121 DXA\CR DXA\CR000010.dcm,CR,291,280,10,0,0,1,0,0,0,0,1,0,0,,hip,,hip,unknown,,,,,unknown
2.25.156389075510671877606923458507011517218,1.2.643.5.1.13.13.12.2.77.8252.14051001011001020103110813110612,1.2.643.5.1.13.13.12.2.77.8252.14081310151415041505041304031410,1.2.643.5.1.13.13.12.2.77.8252.12101514000107101207120412120213,data\raw\training\Исследования\2.25.156389075510671877606923458507011517218\series_001_2_CR\A2507389755 DXA\CR DXA\CR000000.dcm,CR,292,280,5,0,0,0,0,0,0,0,0,0,0,,hip,,hip,unknown,,,,,unknown
2.25.156389075510671877606923458507011517218,1.2.643.5.1.13.13.12.2.77.8252.14051001011001020103110813110612,1.2.643.5.1.13.13.12.2.77.8252.14081310151415041505041304031410,1.2.643.5.1.13.13.12.2.77.8252.05051100060005040907000403081502,data\raw\training\Исследования\2.25.156389075510671877606923458507011517218\series_001_2_CR\A2507389755 DXA\CR DXA\CR000001.dcm,CR,292,280,4,0,0,0,0,0,0,0,0,0,0,,hip,,hip,unknown,,,,,unknown
2.25.156389075510671877606923458507011517218,1.2.643.5.1.13.13.12.2.77.8252.14051001011001020103110813110612,1.2.643.5.1.13.13.12.2.77.8252.14081310151415041505041304031410,1.2.643.5.1.13.13.12.2.77.8252.10040508121311001415130412050515,data\raw\training\Исследования\2.25.156389075510671877606923458507011517218\series_001_2_CR\A2507389755 DXA\CR DXA\CR000002.dcm,CR,289,300,3,0,0,0,0,0,0,0,0,0,0,,spine,,spine,not_applicable,0,0,0,0,excel
2.25.156389075510671877606923458507011517218,1.2.643.5.1.13.13.12.2.77.8252.14051001011001020103110813110612,1.2.643.5.1.13.13.12.2.77.8252.14081310151415041505041304031410,1.2.643.5.1.13.13.12.2.77.8252.12071112070710000412111310090807,data\raw\training\Исследования\2.25.156389075510671877606923458507011517218\series_001_2_CR\A2507389755 DXA\CR DXA\CR000003.dcm,CR,289,300,1,0,0,0,0,0,0,0,0,0,0,,spine,,spine,not_applicable,0,0,0,0,excel
2.25.156389075510671877606923458507011517218,1.2.643.5.1.13.13.12.2.77.8252.14051001011001020103110813110612,1.2.643.5.1.13.13.12.2.77.8252.14081310151415041505041304031410,1.2.643.5.1.13.13.12.2.77.8252.05071102020515091408100612011404,data\raw\training\Исследования\2.25.156389075510671877606923458507011517218\series_001_2_CR\A2507389755 DXA\CR DXA\CR000004.dcm,CR,292,280,6,0,0,0,0,0,0,0,0,0,0,,hip,,hip,unknown,,,,,unknown
2.25.156389075510671877606923458507011517218,1.2.643.5.1.13.13.12.2.77.8252.14051001011001020103110813110612,1.2.643.5.1.13.13.12.2.77.8252.14081310151415041505041304031410,1.2.643.5.1.13.13.12.2.77.8252.06010215090214010805091400020206,data\raw\training\Исследования\2.25.156389075510671877606923458507011517218\series_001_2_CR\A2507389755 DXA\CR DXA\CR000005.dcm,CR,292,280,8,0,0,0,0,0,0,0,0,0,0,,hip,,hip,unknown,,,,,unknown
2.25.157462338378550185821790046400986801350,1.2.643.5.1.13.13.12.2.77.8252.04090607151301101110121009081500,1.2.643.5.1.13.13.12.2.77.8252.06080700000403120414070715001409,1.2.643.5.1.13.13.12.2.77.8252.15011410150513090204040606151204,data\raw\training\Исследования\2.25.157462338378550185821790046400986801350\series_001_2_CR\A2507498707 DXA\CR DXA\CR000000.dcm,CR,289,300,1,0,0,0,1,0,1,0,0,1,1,,spine,,spine,not_applicable,0,0,0,0,excel
2.25.157462338378550185821790046400986801350,1.2.643.5.1.13.13.12.2.77.8252.04090607151301101110121009081500,1.2.643.5.1.13.13.12.2.77.8252.06080700000403120414070715001409,1.2.643.5.1.13.13.12.2.77.8252.14100604010411121207140303140506,data\raw\training\Исследования\2.25.157462338378550185821790046400986801350\series_001_2_CR\A2507498707 DXA\CR DXA\CR000001.dcm,CR,235,280,5,0,0,0,1,0,1,0,0,1,1,,hip,,hip,unknown,,,,,unknown
2.25.157462338378550185821790046400986801350,1.2.643.5.1.13.13.12.2.77.8252.04090607151301101110121009081500,1.2.643.5.1.13.13.12.2.77.8252.06080700000403120414070715001409,1.2.643.5.1.13.13.12.2.77.8252.15141103121505150805131303080314,data\raw\training\Исследования\2.25.157462338378550185821790046400986801350\series_001_2_CR\A2507498707 DXA\CR DXA\CR000002.dcm,CR,289,300,3,0,0,0,1,0,1,0,0,1,1,,spine,,spine,not_applicable,0,0,0,0,excel
2.25.157462338378550185821790046400986801350,1.2.643.5.1.13.13.12.2.77.8252.04090607151301101110121009081500,1.2.643.5.1.13.13.12.2.77.8252.06080700000403120414070715001409,1.2.643.5.1.13.13.12.2.77.8252.01041213150709070704090905040703,data\raw\training\Исследования\2.25.157462338378550185821790046400986801350\series_001_2_CR\A2507498707 DXA\CR DXA\CR000003.dcm,CR,235,280,6,0,0,0,1,0,1,0,0,1,1,,hip,,hip,unknown,,,,,unknown
2.25.157462338378550185821790046400986801350,1.2.643.5.1.13.13.12.2.77.8252.04090607151301101110121009081500,1.2.643.5.1.13.13.12.2.77.8252.06080700000403120414070715001409,1.2.643.5.1.13.13.12.2.77.8252.01050311070609101401120201090506,data\raw\training\Исследования\2.25.157462338378550185821790046400986801350\series_001_2_CR\A2507498707 DXA\CR DXA\CR000004.dcm,CR,235,280,8,0,0,0,1,0,1,0,0,1,1,,hip,,hip,unknown,,,,,unknown
2.25.157462338378550185821790046400986801350,1.2.643.5.1.13.13.12.2.77.8252.04090607151301101110121009081500,1.2.643.5.1.13.13.12.2.77.8252.06080700000403120414070715001409,1.2.643.5.1.13.13.12.2.77.8252.04150901080711131310091006050208,data\raw\training\Исследования\2.25.157462338378550185821790046400986801350\series_001_2_CR\A2507498707 DXA\CR DXA\CR000005.dcm,CR,235,280,4,0,0,0,1,0,1,0,0,1,1,,hip,,hip,unknown,,,,,unknown
2.25.158197739569377798130962967413133224194,1.2.643.5.1.13.13.12.2.77.8252.08130702060402020111101401090509,1.2.643.5.1.13.13.12.2.77.8252.02020415030514090514120506090201,1.2.643.5.1.13.13.12.2.77.8252.09040703010601060814101313081104,data\raw\training\Исследования\2.25.158197739569377798130962967413133224194\series_002_2_CR\A2504245497 DXA\CR DXA\CR000000.dcm,CR,291,300,1,0,0,0,,,,,0,,,,spine,,spine,not_applicable,0,0,0,0,excel
2.25.158646777318759504110695916200521633609,1.2.643.5.1.13.13.12.2.77.8252.10030514041010111403040803061004,1.2.643.5.1.13.13.12.2.77.8252.01101001081013100709141206141212,1.2.643.5.1.13.13.12.2.77.8252.11050703151212091005010115120315,data\raw\training\Исследования\2.25.158646777318759504110695916200521633609\series_003_6_CR\A2507266260 DXA\CR DXA\CR000000.dcm,CR,291,280,15,0,0,1,0,0,0,0,1,0,0,,hip,,hip,unknown,,,,,unknown
2.25.158646777318759504110695916200521633609,1.2.643.5.1.13.13.12.2.77.8252.10030514041010111403040803061004,1.2.643.5.1.13.13.12.2.77.8252.01101001081013100709141206141212,1.2.643.5.1.13.13.12.2.77.8252.08140602091513140007031414030212,data\raw\training\Исследования\2.25.158646777318759504110695916200521633609\series_003_6_CR\A2507266260 DXA\CR DXA\CR000001.dcm,CR,287,300,13,0,0,1,0,0,0,0,1,0,0,,spine,,spine,not_applicable,0,0,1,1,excel
2.25.158646777318759504110695916200521633609,1.2.643.5.1.13.13.12.2.77.8252.10030514041010111403040803061004,1.2.643.5.1.13.13.12.2.77.8252.01101001081013100709141206141212,1.2.643.5.1.13.13.12.2.77.8252.09070206070204150105120502020002,data\raw\training\Исследования\2.25.158646777318759504110695916200521633609\series_003_6_CR\A2507266260 DXA\CR DXA\CR000002.dcm,CR,287,300,11,0,0,1,0,0,0,0,1,0,0,,spine,,spine,not_applicable,0,0,1,1,excel
2.25.158646777318759504110695916200521633609,1.2.643.5.1.13.13.12.2.77.8252.10030514041010111403040803061004,1.2.643.5.1.13.13.12.2.77.8252.01101001081013100709141206141212,1.2.643.5.1.13.13.12.2.77.8252.03110108081008000413081502071511,data\raw\training\Исследования\2.25.158646777318759504110695916200521633609\series_003_6_CR\A2507266260 DXA\CR DXA\CR000003.dcm,CR,289,280,14,0,0,1,0,0,0,0,1,0,0,,hip,,hip,unknown,,,,,unknown
2.25.158646777318759504110695916200521633609,1.2.643.5.1.13.13.12.2.77.8252.10030514041010111403040803061004,1.2.643.5.1.13.13.12.2.77.8252.01101001081013100709141206141212,1.2.643.5.1.13.13.12.2.77.8252.12001515051514100814070205030801,data\raw\training\Исследования\2.25.158646777318759504110695916200521633609\series_003_6_CR\A2507266260 DXA\CR DXA\CR000004.dcm,CR,289,280,16,0,0,1,0,0,0,0,1,0,0,,hip,,hip,unknown,,,,,unknown
2.25.158646777318759504110695916200521633609,1.2.643.5.1.13.13.12.2.77.8252.10030514041010111403040803061004,1.2.643.5.1.13.13.12.2.77.8252.01101001081013100709141206141212,1.2.643.5.1.13.13.12.2.77.8252.15131010101502051307000500101007,data\raw\training\Исследования\2.25.158646777318759504110695916200521633609\series_003_6_CR\A2507266260 DXA\CR DXA\CR000005.dcm,CR,291,280,8,0,0,1,0,0,0,0,1,0,0,,hip,,hip,unknown,,,,,unknown
2.25.158646777318759504110695916200521633609,1.2.643.5.1.13.13.12.2.77.8252.10030514041010111403040803061004,1.2.643.5.1.13.13.12.2.77.8252.01101001081013100709141206141212,1.2.643.5.1.13.13.12.2.77.8252.04030712110411040711120105080700,data\raw\training\Исследования\2.25.158646777318759504110695916200521633609\series_003_6_CR\A2507266260 DXA\CR DXA\CR000006.dcm,CR,291,280,5,0,0,1,0,0,0,0,1,0,0,,hip,,hip,unknown,,,,,unknown
2.25.158646777318759504110695916200521633609,1.2.643.5.1.13.13.12.2.77.8252.10030514041010111403040803061004,1.2.643.5.1.13.13.12.2.77.8252.01101001081013100709141206141212,1.2.643.5.1.13.13.12.2.77.8252.14150106081013050013050511140613,data\raw\training\Исследования\2.25.158646777318759504110695916200521633609\series_003_6_CR\A2507266260 DXA\CR DXA\CR000007.dcm,CR,289,280,6,0,0,1,0,0,0,0,1,0,0,,hip,,hip,unknown,,,,,unknown
2.25.158646777318759504110695916200521633609,1.2.643.5.1.13.13.12.2.77.8252.10030514041010111403040803061004,1.2.643.5.1.13.13.12.2.77.8252.01101001081013100709141206141212,1.2.643.5.1.13.13.12.2.77.8252.01120709131111081211081313110800,data\raw\training\Исследования\2.25.158646777318759504110695916200521633609\series_003_6_CR\A2507266260 DXA\CR DXA\CR000008.dcm,CR,287,300,1,0,0,1,0,0,0,0,1,0,0,,spine,,spine,not_applicable,0,0,1,1,excel
2.25.158646777318759504110695916200521633609,1.2.643.5.1.13.13.12.2.77.8252.10030514041010111403040803061004,1.2.643.5.1.13.13.12.2.77.8252.01101001081013100709141206141212,1.2.643.5.1.13.13.12.2.77.8252.10080511020009041308131206080209,data\raw\training\Исследования\2.25.158646777318759504110695916200521633609\series_003_6_CR\A2507266260 DXA\CR DXA\CR000009.dcm,CR,287,300,3,0,0,1,0,0,0,0,1,0,0,,spine,,spine,not_applicable,0,0,1,1,excel
2.25.158646777318759504110695916200521633609,1.2.643.5.1.13.13.12.2.77.8252.10030514041010111403040803061004,1.2.643.5.1.13.13.12.2.77.8252.01101001081013100709141206141212,1.2.643.5.1.13.13.12.2.77.8252.13040700151412120600060201031309,data\raw\training\Исследования\2.25.158646777318759504110695916200521633609\series_003_6_CR\A2507266260 DXA\CR DXA\CR000010.dcm,CR,289,280,4,0,0,1,0,0,0,0,1,0,0,,hip,,hip,unknown,,,,,unknown
2.25.158646777318759504110695916200521633609,1.2.643.5.1.13.13.12.2.77.8252.10030514041010111403040803061004,1.2.643.5.1.13.13.12.2.77.8252.00061404140502100104070113110714,1.2.643.5.1.13.13.12.2.77.8252.01101303110802020807060303150105,data\raw\training\Исследования\2.25.158646777318759504110695916200521633609\series_004_2_CR\A2507266260 DXA\CR DXA\CR000000.dcm,CR,287,300,3,0,0,1,0,0,0,0,1,0,0,,spine,,spine,not_applicable,0,0,1,1,excel
2.25.158646777318759504110695916200521633609,1.2.643.5.1.13.13.12.2.77.8252.10030514041010111403040803061004,1.2.643.5.1.13.13.12.2.77.8252.00061404140502100104070113110714,1.2.643.5.1.13.13.12.2.77.8252.07040712050005061000030214131300,data\raw\training\Исследования\2.25.158646777318759504110695916200521633609\series_004_2_CR\A2507266260 DXA\CR DXA\CR000001.dcm,CR,291,280,15,0,0,1,0,0,0,0,1,0,0,,hip,,hip,unknown,,,,,unknown
2.25.158646777318759504110695916200521633609,1.2.643.5.1.13.13.12.2.77.8252.10030514041010111403040803061004,1.2.643.5.1.13.13.12.2.77.8252.00061404140502100104070113110714,1.2.643.5.1.13.13.12.2.77.8252.07100810031004120210110309111304,data\raw\training\Исследования\2.25.158646777318759504110695916200521633609\series_004_2_CR\A2507266260 DXA\CR DXA\CR000002.dcm,CR,287,300,13,0,0,1,0,0,0,0,1,0,0,,spine,,spine,not_applicable,0,0,1,1,excel
2.25.158646777318759504110695916200521633609,1.2.643.5.1.13.13.12.2.77.8252.10030514041010111403040803061004,1.2.643.5.1.13.13.12.2.77.8252.00061404140502100104070113110714,1.2.643.5.1.13.13.12.2.77.8252.07071202031002110807120405030608,data\raw\training\Исследования\2.25.158646777318759504110695916200521633609\series_004_2_CR\A2507266260 DXA\CR DXA\CR000003.dcm,CR,289,280,4,0,0,1,0,0,0,0,1,0,0,,hip,,hip,unknown,,,,,unknown
2.25.158646777318759504110695916200521633609,1.2.643.5.1.13.13.12.2.77.8252.10030514041010111403040803061004,1.2.643.5.1.13.13.12.2.77.8252.00061404140502100104070113110714,1.2.643.5.1.13.13.12.2.77.8252.02070215040314000714060301121012,data\raw\training\Исследования\2.25.158646777318759504110695916200521633609\series_004_2_CR\A2507266260 DXA\CR DXA\CR000004.dcm,CR,291,280,5,0,0,1,0,0,0,0,1,0,0,,hip,,hip,unknown,,,,,unknown
2.25.158646777318759504110695916200521633609,1.2.643.5.1.13.13.12.2.77.8252.10030514041010111403040803061004,1.2.643.5.1.13.13.12.2.77.8252.00061404140502100104070113110714,1.2.643.5.1.13.13.12.2.77.8252.14020109130502120101091201060702,data\raw\training\Исследования\2.25.158646777318759504110695916200521633609\series_004_2_CR\A2507266260 DXA\CR DXA\CR000005.dcm,CR,287,300,21,0,0,1,0,0,0,0,1,0,0,,spine,,spine,not_applicable,0,0,1,1,excel
2.25.158646777318759504110695916200521633609,1.2.643.5.1.13.13.12.2.77.8252.10030514041010111403040803061004,1.2.643.5.1.13.13.12.2.77.8252.00061404140502100104070113110714,1.2.643.5.1.13.13.12.2.77.8252.10080501080902141107071310080400,data\raw\training\Исследования\2.25.158646777318759504110695916200521633609\series_004_2_CR\A2507266260 DXA\CR DXA\CR000006.dcm,CR,289,280,16,0,0,1,0,0,0,0,1,0,0,,hip,,hip,unknown,,,,,unknown
2.25.158646777318759504110695916200521633609,1.2.643.5.1.13.13.12.2.77.8252.10030514041010111403040803061004,1.2.643.5.1.13.13.12.2.77.8252.00061404140502100104070113110714,1.2.643.5.1.13.13.12.2.77.8252.05110305041311030310151512080811,data\raw\training\Исследования\2.25.158646777318759504110695916200521633609\series_004_2_CR\A2507266260 DXA\CR DXA\CR000007.dcm,CR,291,280,28,0,0,1,0,0,0,0,1,0,0,,hip,,hip,unknown,,,,,unknown
2.25.158646777318759504110695916200521633609,1.2.643.5.1.13.13.12.2.77.8252.10030514041010111403040803061004,1.2.643.5.1.13.13.12.2.77.8252.00061404140502100104070113110714,1.2.643.5.1.13.13.12.2.77.8252.05050408000609040210110603090612,data\raw\training\Исследования\2.25.158646777318759504110695916200521633609\series_004_2_CR\A2507266260 DXA\CR DXA\CR000008.dcm,CR,287,300,1,0,0,1,0,0,0,0,1,0,0,,spine,,spine,not_applicable,0,0,1,1,excel
2.25.158646777318759504110695916200521633609,1.2.643.5.1.13.13.12.2.77.8252.10030514041010111403040803061004,1.2.643.5.1.13.13.12.2.77.8252.00061404140502100104070113110714,1.2.643.5.1.13.13.12.2.77.8252.09030907130311001200011206051201,data\raw\training\Исследования\2.25.158646777318759504110695916200521633609\series_004_2_CR\A2507266260 DXA\CR DXA\CR000009.dcm,CR,289,280,26,0,0,1,0,0,0,0,1,0,0,,hip,,hip,unknown,,,,,unknown
2.25.158646777318759504110695916200521633609,1.2.643.5.1.13.13.12.2.77.8252.10030514041010111403040803061004,1.2.643.5.1.13.13.12.2.77.8252.00061404140502100104070113110714,1.2.643.5.1.13.13.12.2.77.8252.14070407100802110204090510100607,data\raw\training\Исследования\2.25.158646777318759504110695916200521633609\series_004_2_CR\A2507266260 DXA\CR DXA\CR000010.dcm,CR,291,280,8,0,0,1,0,0,0,0,1,0,0,,hip,,hip,unknown,,,,,unknown
2.25.158646777318759504110695916200521633609,1.2.643.5.1.13.13.12.2.77.8252.10030514041010111403040803061004,1.2.643.5.1.13.13.12.2.77.8252.00061404140502100104070113110714,1.2.643.5.1.13.13.12.2.77.8252.02001101060409110302091107020305,data\raw\training\Исследования\2.25.158646777318759504110695916200521633609\series_004_2_CR\A2507266260 DXA\CR DXA\CR000011.dcm,CR,289,280,24,0,0,1,0,0,0,0,1,0,0,,hip,,hip,unknown,,,,,unknown
2.25.158646777318759504110695916200521633609,1.2.643.5.1.13.13.12.2.77.8252.10030514041010111403040803061004,1.2.643.5.1.13.13.12.2.77.8252.00061404140502100104070113110714,1.2.643.5.1.13.13.12.2.77.8252.02081311121209090807151401120110,data\raw\training\Исследования\2.25.158646777318759504110695916200521633609\series_004_2_CR\A2507266260 DXA\CR DXA\CR000012.dcm,CR,287,300,11,0,0,1,0,0,0,0,1,0,0,,spine,,spine,not_applicable,0,0,1,1,excel
2.25.158646777318759504110695916200521633609,1.2.643.5.1.13.13.12.2.77.8252.10030514041010111403040803061004,1.2.643.5.1.13.13.12.2.77.8252.00061404140502100104070113110714,1.2.643.5.1.13.13.12.2.77.8252.04021100060501150502031503091205,data\raw\training\Исследования\2.25.158646777318759504110695916200521633609\series_004_2_CR\A2507266260 DXA\CR DXA\CR000013.dcm,CR,287,300,23,0,0,1,0,0,0,0,1,0,0,,spine,,spine,not_applicable,0,0,1,1,excel
2.25.158646777318759504110695916200521633609,1.2.643.5.1.13.13.12.2.77.8252.10030514041010111403040803061004,1.2.643.5.1.13.13.12.2.77.8252.00061404140502100104070113110714,1.2.643.5.1.13.13.12.2.77.8252.08031403081214020202010408050515,data\raw\training\Исследования\2.25.158646777318759504110695916200521633609\series_004_2_CR\A2507266260 DXA\CR DXA\CR000014.dcm,CR,289,280,6,0,0,1,0,0,0,0,1,0,0,,hip,,hip,unknown,,,,,unknown
2.25.158646777318759504110695916200521633609,1.2.643.5.1.13.13.12.2.77.8252.10030514041010111403040803061004,1.2.643.5.1.13.13.12.2.77.8252.00061404140502100104070113110714,1.2.643.5.1.13.13.12.2.77.8252.12010614051405051206130410050708,data\raw\training\Исследования\2.25.158646777318759504110695916200521633609\series_004_2_CR\A2507266260 DXA\CR DXA\CR000015.dcm,CR,289,280,14,0,0,1,0,0,0,0,1,0,0,,hip,,hip,unknown,,,,,unknown
2.25.158646777318759504110695916200521633609,1.2.643.5.1.13.13.12.2.77.8252.10030514041010111403040803061004,1.2.643.5.1.13.13.12.2.77.8252.00061404140502100104070113110714,1.2.643.5.1.13.13.12.2.77.8252.05131012021403090403150713091114,data\raw\training\Исследования\2.25.158646777318759504110695916200521633609\series_004_2_CR\A2507266260 DXA\CR DXA\CR000016.dcm,CR,291,280,25,0,0,1,0,0,0,0,1,0,0,,hip,,hip,unknown,,,,,unknown
2.25.158646777318759504110695916200521633609,1.2.643.5.1.13.13.12.2.77.8252.10030514041010111403040803061004,1.2.643.5.1.13.13.12.2.77.8252.00061404140502100104070113110714,1.2.643.5.1.13.13.12.2.77.8252.11030505061512110108000404010908,data\raw\training\Исследования\2.25.158646777318759504110695916200521633609\series_004_2_CR\A2507266260 DXA\CR DXA\CR000017.dcm,CR,291,280,18,0,0,1,0,0,0,0,1,0,0,,hip,,hip,unknown,,,,,unknown
2.25.159930383074323525630608416881201447861,1.2.643.5.1.13.13.12.2.77.8252.05080007010908151412021401130712,1.2.643.5.1.13.13.12.2.77.8252.11150310080213051304091401140312,1.2.643.5.1.13.13.12.2.77.8252.03050413050004110015050414021412,data\raw\training\Исследования\2.25.159930383074323525630608416881201447861\series_002_2_CR\A2507139428 DXA\CR DXA\CR000000.dcm,CR,289,300,1,0,0,0,,,,,0,,,,spine,,spine,not_applicable,0,0,0,0,excel
2.25.164566280810634620154538016595892212884,1.2.643.5.1.13.13.12.2.77.8252.11031305020803120210110303010607,1.2.643.5.1.13.13.12.2.77.8252.15091501021210141510040001110809,1.2.643.5.1.13.13.12.2.77.8252.05080909100510090906081209130901,data\raw\training\Исследования\2.25.164566280810634620154538016595892212884\series_001_2_CR\A2504291878 DXA Exam\CR DXA Images\CR000000.dcm,CR,346,280,3,1,0,0,1,0,0,0,1,1,0,,hip,,hip,left,0,0,,0,pca_pair
2.25.164566280810634620154538016595892212884,1.2.643.5.1.13.13.12.2.77.8252.11031305020803120210110303010607,1.2.643.5.1.13.13.12.2.77.8252.15091501021210141510040001110809,1.2.643.5.1.13.13.12.2.77.8252.02030112081401101404040904010405,data\raw\training\Исследования\2.25.164566280810634620154538016595892212884\series_001_2_CR\A2504291878 DXA Exam\CR DXA Images\CR000001.dcm,CR,287,300,1,1,0,0,1,0,0,0,1,1,0,,spine,,spine,not_applicable,1,0,0,1,excel
2.25.164566280810634620154538016595892212884,1.2.643.5.1.13.13.12.2.77.8252.11031305020803120210110303010607,1.2.643.5.1.13.13.12.2.77.8252.15091501021210141510040001110809,1.2.643.5.1.13.13.12.2.77.8252.00071210060602011311010906021407,data\raw\training\Исследования\2.25.164566280810634620154538016595892212884\series_001_2_CR\A2504291878 DXA Exam\CR DXA Images\CR000002.dcm,CR,346,280,2,1,0,0,1,0,0,0,1,1,0,,hip,,hip,right,1,0,,1,pca_pair
2.25.165091430504580219034019815337441064349,1.2.643.5.1.13.13.12.2.77.8252.07040007120602101304050600010708,1.2.643.5.1.13.13.12.2.77.8252.00101104101403131203151307080003,1.2.643.5.1.13.13.12.2.77.8252.14100208080000030010140812001111,data\raw\training\Исследования\2.25.165091430504580219034019815337441064349\series_001_2_CR\A2504415443 DXA\CR DXA\CR000000.dcm,CR,235,280,5,0,0,0,0,0,1,0,0,0,1,,hip,,hip,unknown,,,,,unknown
2.25.165091430504580219034019815337441064349,1.2.643.5.1.13.13.12.2.77.8252.07040007120602101304050600010708,1.2.643.5.1.13.13.12.2.77.8252.00101104101403131203151307080003,1.2.643.5.1.13.13.12.2.77.8252.12140710150813060013011403140807,data\raw\training\Исследования\2.25.165091430504580219034019815337441064349\series_001_2_CR\A2504415443 DXA\CR DXA\CR000001.dcm,CR,261,280,9,0,0,0,0,0,1,0,0,0,1,,hip,,hip,unknown,,,,,unknown
2.25.165091430504580219034019815337441064349,1.2.643.5.1.13.13.12.2.77.8252.07040007120602101304050600010708,1.2.643.5.1.13.13.12.2.77.8252.00101104101403131203151307080003,1.2.643.5.1.13.13.12.2.77.8252.01120104060301100213100004141203,data\raw\training\Исследования\2.25.165091430504580219034019815337441064349\series_001_2_CR\A2504415443 DXA\CR DXA\CR000002.dcm,CR,287,300,1,0,0,0,0,0,1,0,0,0,1,,spine,,spine,not_applicable,0,0,0,0,excel
2.25.165091430504580219034019815337441064349,1.2.643.5.1.13.13.12.2.77.8252.07040007120602101304050600010708,1.2.643.5.1.13.13.12.2.77.8252.00101104101403131203151307080003,1.2.643.5.1.13.13.12.2.77.8252.03000107141315000207090502080502,data\raw\training\Исследования\2.25.165091430504580219034019815337441064349\series_001_2_CR\A2504415443 DXA\CR DXA\CR000003.dcm,CR,287,300,7,0,0,0,0,0,1,0,0,0,1,,spine,,spine,not_applicable,0,0,0,0,excel
2.25.165091430504580219034019815337441064349,1.2.643.5.1.13.13.12.2.77.8252.07040007120602101304050600010708,1.2.643.5.1.13.13.12.2.77.8252.00101104101403131203151307080003,1.2.643.5.1.13.13.12.2.77.8252.12050607100307101401110010080508,data\raw\training\Исследования\2.25.165091430504580219034019815337441064349\series_001_2_CR\A2504415443 DXA\CR DXA\CR000004.dcm,CR,235,280,8,0,0,0,0,0,1,0,0,0,1,,hip,,hip,unknown,,,,,unknown
2.25.165091430504580219034019815337441064349,1.2.643.5.1.13.13.12.2.77.8252.07040007120602101304050600010708,1.2.643.5.1.13.13.12.2.77.8252.00101104101403131203151307080003,1.2.643.5.1.13.13.12.2.77.8252.02080910050503150405130310031107,data\raw\training\Исследования\2.25.165091430504580219034019815337441064349\series_001_2_CR\A2504415443 DXA\CR DXA\CR000005.dcm,CR,261,280,3,0,0,0,0,0,1,0,0,0,1,,hip,,hip,unknown,,,,,unknown
2.25.165355673991587715046346525964554729786,1.2.643.5.1.13.13.12.2.77.8252.12060501010302051215051203010600,1.2.643.5.1.13.13.12.2.77.8252.15001211151402100804050812061111,1.2.643.5.1.13.13.12.2.77.8252.03030806061309020808141008071213,data\raw\training\Исследования\2.25.165355673991587715046346525964554729786\series_003_3_CR\A2506448267 DXA\CR DXA\CR000000.dcm,CR,261,280,3,0,0,1,,,0,0,1,,0,,hip,,hip,unknown,,,,,unknown
2.25.165355673991587715046346525964554729786,1.2.643.5.1.13.13.12.2.77.8252.12060501010302051215051203010600,1.2.643.5.1.13.13.12.2.77.8252.15001211151402100804050812061111,1.2.643.5.1.13.13.12.2.77.8252.05130006080703150808130311150104,data\raw\training\Исследования\2.25.165355673991587715046346525964554729786\series_003_3_CR\A2506448267 DXA\CR DXA\CR000001.dcm,CR,317,300,1,0,0,1,,,0,0,1,,0,,spine,,spine,not_applicable,0,0,1,1,excel
2.25.167344201679287285499405412654740659745,1.2.643.5.1.13.13.12.2.77.8252.11061310061408070513110011010800,1.2.643.5.1.13.13.12.2.77.8252.13111000070401001208041400140709,1.2.643.5.1.13.13.12.2.77.8252.05050004021105041108010100020012,data\raw\training\Исследования\2.25.167344201679287285499405412654740659745\series_003_2_CR\A2504249537 DXA\CR DXA\CR000000.dcm,CR,265,280,5,0,0,0,0,0,0,0,0,0,0,,hip,,hip,unknown,,,,,unknown
2.25.167344201679287285499405412654740659745,1.2.643.5.1.13.13.12.2.77.8252.11061310061408070513110011010800,1.2.643.5.1.13.13.12.2.77.8252.13111000070401001208041400140709,1.2.643.5.1.13.13.12.2.77.8252.03020203090713120707041512070302,data\raw\training\Исследования\2.25.167344201679287285499405412654740659745\series_003_2_CR\A2504249537 DXA\CR DXA\CR000001.dcm,CR,263,280,4,0,0,0,0,0,0,0,0,0,0,,hip,,hip,unknown,,,,,unknown
2.25.167344201679287285499405412654740659745,1.2.643.5.1.13.13.12.2.77.8252.11061310061408070513110011010800,1.2.643.5.1.13.13.12.2.77.8252.13111000070401001208041400140709,1.2.643.5.1.13.13.12.2.77.8252.06020510071406141308051102110806,data\raw\training\Исследования\2.25.167344201679287285499405412654740659745\series_003_2_CR\A2504249537 DXA\CR DXA\CR000002.dcm,CR,292,300,1,0,0,0,0,0,0,0,0,0,0,,spine,,spine,not_applicable,0,0,0,0,excel
2.25.167344201679287285499405412654740659745,1.2.643.5.1.13.13.12.2.77.8252.11061310061408070513110011010800,1.2.643.5.1.13.13.12.2.77.8252.13111000070401001208041400140709,1.2.643.5.1.13.13.12.2.77.8252.03110714040901011514120512140506,data\raw\training\Исследования\2.25.167344201679287285499405412654740659745\series_003_2_CR\A2504249537 DXA\CR DXA\CR000003.dcm,CR,263,280,8,0,0,0,0,0,0,0,0,0,0,,hip,,hip,unknown,,,,,unknown
2.25.167344201679287285499405412654740659745,1.2.643.5.1.13.13.12.2.77.8252.11061310061408070513110011010800,1.2.643.5.1.13.13.12.2.77.8252.13111000070401001208041400140709,1.2.643.5.1.13.13.12.2.77.8252.04140115150705031110051301090913,data\raw\training\Исследования\2.25.167344201679287285499405412654740659745\series_003_2_CR\A2504249537 DXA\CR DXA\CR000004.dcm,CR,292,300,6,0,0,0,0,0,0,0,0,0,0,,spine,,spine,not_applicable,0,0,0,0,excel
2.25.167344201679287285499405412654740659745,1.2.643.5.1.13.13.12.2.77.8252.11061310061408070513110011010800,1.2.643.5.1.13.13.12.2.77.8252.13111000070401001208041400140709,1.2.643.5.1.13.13.12.2.77.8252.10110808050405011511051303070302,data\raw\training\Исследования\2.25.167344201679287285499405412654740659745\series_003_2_CR\A2504249537 DXA\CR DXA\CR000005.dcm,CR,265,280,7,0,0,0,0,0,0,0,0,0,0,,hip,,hip,unknown,,,,,unknown
2.25.16773626720107440979805052259711419763,1.2.643.5.1.13.13.12.2.77.8252.09131109110213080611001502040813,1.2.643.5.1.13.13.12.2.77.8252.14131202151512000515141002040115,1.2.643.5.1.13.13.12.2.77.8252.09031014151115011007041507060209,data\raw\training\Исследования\2.25.16773626720107440979805052259711419763\series_004_2_CR\A2507537392 DXA\CR DXA\CR000000.dcm,CR,289,300,16,0,0,0,0,0,0,0,0,0,0,,spine,,spine,not_applicable,0,0,0,0,excel
2.25.16773626720107440979805052259711419763,1.2.643.5.1.13.13.12.2.77.8252.09131109110213080611001502040813,1.2.643.5.1.13.13.12.2.77.8252.14131202151512000515141002040115,1.2.643.5.1.13.13.12.2.77.8252.15000110101510080415120006131402,data\raw\training\Исследования\2.25.16773626720107440979805052259711419763\series_004_2_CR\A2507537392 DXA\CR DXA\CR000001.dcm,CR,261,280,9,0,0,0,0,0,0,0,0,0,0,,hip,,hip,unknown,,,,,unknown
2.25.16773626720107440979805052259711419763,1.2.643.5.1.13.13.12.2.77.8252.09131109110213080611001502040813,1.2.643.5.1.13.13.12.2.77.8252.14131202151512000515141002040115,1.2.643.5.1.13.13.12.2.77.8252.07111109140703130315001513000701,data\raw\training\Исследования\2.25.16773626720107440979805052259711419763\series_004_2_CR\A2507537392 DXA\CR DXA\CR000002.dcm,CR,261,280,4,0,0,0,0,0,0,0,0,0,0,,hip,,hip,unknown,,,,,unknown
2.25.16773626720107440979805052259711419763,1.2.643.5.1.13.13.12.2.77.8252.09131109110213080611001502040813,1.2.643.5.1.13.13.12.2.77.8252.14131202151512000515141002040115,1.2.643.5.1.13.13.12.2.77.8252.15061506101401070412150108010615,data\raw\training\Исследования\2.25.16773626720107440979805052259711419763\series_004_2_CR\A2507537392 DXA\CR DXA\CR000003.dcm,CR,289,300,3,0,0,0,0,0,0,0,0,0,0,,spine,,spine,not_applicable,0,0,0,0,excel
2.25.16773626720107440979805052259711419763,1.2.643.5.1.13.13.12.2.77.8252.09131109110213080611001502040813,1.2.643.5.1.13.13.12.2.77.8252.14131202151512000515141002040115,1.2.643.5.1.13.13.12.2.77.8252.13040605040810031203041510031012,data\raw\training\Исследования\2.25.16773626720107440979805052259711419763\series_004_2_CR\A2507537392 DXA\CR DXA\CR000004.dcm,CR,261,280,18,0,0,0,0,0,0,0,0,0,0,,hip,,hip,unknown,,,,,unknown
2.25.16773626720107440979805052259711419763,1.2.643.5.1.13.13.12.2.77.8252.09131109110213080611001502040813,1.2.643.5.1.13.13.12.2.77.8252.14131202151512000515141002040115,1.2.643.5.1.13.13.12.2.77.8252.02071412140202140114070213030205,data\raw\training\Исследования\2.25.16773626720107440979805052259711419763\series_004_2_CR\A2507537392 DXA\CR DXA\CR000005.dcm,CR,261,280,17,0,0,0,0,0,0,0,0,0,0,,hip,,hip,unknown,,,,,unknown
2.25.16773626720107440979805052259711419763,1.2.643.5.1.13.13.12.2.77.8252.09131109110213080611001502040813,1.2.643.5.1.13.13.12.2.77.8252.14131202151512000515141002040115,1.2.643.5.1.13.13.12.2.77.8252.11120907150103150102101200080104,data\raw\training\Исследования\2.25.16773626720107440979805052259711419763\series_004_2_CR\A2507537392 DXA\CR DXA\CR000006.dcm,CR,261,280,6,0,0,0,0,0,0,0,0,0,0,,hip,,hip,unknown,,,,,unknown
2.25.16773626720107440979805052259711419763,1.2.643.5.1.13.13.12.2.77.8252.09131109110213080611001502040813,1.2.643.5.1.13.13.12.2.77.8252.14131202151512000515141002040115,1.2.643.5.1.13.13.12.2.77.8252.00120605081302140615061408051413,data\raw\training\Исследования\2.25.16773626720107440979805052259711419763\series_004_2_CR\A2507537392 DXA\CR DXA\CR000007.dcm,CR,261,280,7,0,0,0,0,0,0,0,0,0,0,,hip,,hip,unknown,,,,,unknown
2.25.16773626720107440979805052259711419763,1.2.643.5.1.13.13.12.2.77.8252.09131109110213080611001502040813,1.2.643.5.1.13.13.12.2.77.8252.14131202151512000515141002040115,1.2.643.5.1.13.13.12.2.77.8252.13060012130706071508131506061110,data\raw\training\Исследования\2.25.16773626720107440979805052259711419763\series_004_2_CR\A2507537392 DXA\CR DXA\CR000008.dcm,CR,261,280,5,0,0,0,0,0,0,0,0,0,0,,hip,,hip,unknown,,,,,unknown
2.25.16773626720107440979805052259711419763,1.2.643.5.1.13.13.12.2.77.8252.09131109110213080611001502040813,1.2.643.5.1.13.13.12.2.77.8252.14131202151512000515141002040115,1.2.643.5.1.13.13.12.2.77.8252.09020303070910070711011409031209,data\raw\training\Исследования\2.25.16773626720107440979805052259711419763\series_004_2_CR\A2507537392 DXA\CR DXA\CR000009.dcm,CR,261,280,10,0,0,0,0,0,0,0,0,0,0,,hip,,hip,unknown,,,,,unknown
2.25.16773626720107440979805052259711419763,1.2.643.5.1.13.13.12.2.77.8252.09131109110213080611001502040813,1.2.643.5.1.13.13.12.2.77.8252.14131202151512000515141002040115,1.2.643.5.1.13.13.12.2.77.8252.04101314021103041302071314011203,data\raw\training\Исследования\2.25.16773626720107440979805052259711419763\series_004_2_CR\A2507537392 DXA\CR DXA\CR000010.dcm,CR,261,280,12,0,0,0,0,0,0,0,0,0,0,,hip,,hip,unknown,,,,,unknown
2.25.16773626720107440979805052259711419763,1.2.643.5.1.13.13.12.2.77.8252.09131109110213080611001502040813,1.2.643.5.1.13.13.12.2.77.8252.14131202151512000515141002040115,1.2.643.5.1.13.13.12.2.77.8252.03120113151010021310000801051000,data\raw\training\Исследования\2.25.16773626720107440979805052259711419763\series_004_2_CR\A2507537392 DXA\CR DXA\CR000011.dcm,CR,289,300,1,0,0,0,0,0,0,0,0,0,0,,spine,,spine,not_applicable,0,0,0,0,excel
2.25.168317503020329569414190677927680518621,1.2.643.5.1.13.13.12.2.77.8252.11120509060313030005050308070506,1.2.643.5.1.13.13.12.2.77.8252.01061004031115060909070403001204,1.2.643.5.1.13.13.12.2.77.8252.10050700041001040614050614130103,data\raw\training\Исследования\2.25.168317503020329569414190677927680518621\series_004_2_CR\A2507557128 DXA\CR DXA\CR000000.dcm,CR,261,280,18,0,0,0,0,0,0,0,0,0,0,,hip,,hip,unknown,,,,,unknown
2.25.168317503020329569414190677927680518621,1.2.643.5.1.13.13.12.2.77.8252.11120509060313030005050308070506,1.2.643.5.1.13.13.12.2.77.8252.01061004031115060909070403001204,1.2.643.5.1.13.13.12.2.77.8252.04081410150705000907120005030306,data\raw\training\Исследования\2.25.168317503020329569414190677927680518621\series_004_2_CR\A2507557128 DXA\CR DXA\CR000001.dcm,CR,261,280,7,0,0,0,0,0,0,0,0,0,0,,hip,,hip,unknown,,,,,unknown
2.25.168317503020329569414190677927680518621,1.2.643.5.1.13.13.12.2.77.8252.11120509060313030005050308070506,1.2.643.5.1.13.13.12.2.77.8252.01061004031115060909070403001204,1.2.643.5.1.13.13.12.2.77.8252.10010207001309070508110212031008,data\raw\training\Исследования\2.25.168317503020329569414190677927680518621\series_004_2_CR\A2507557128 DXA\CR DXA\CR000002.dcm,CR,261,280,9,0,0,0,0,0,0,0,0,0,0,,hip,,hip,unknown,,,,,unknown
2.25.168317503020329569414190677927680518621,1.2.643.5.1.13.13.12.2.77.8252.11120509060313030005050308070506,1.2.643.5.1.13.13.12.2.77.8252.01061004031115060909070403001204,1.2.643.5.1.13.13.12.2.77.8252.08150001020008051511060800070004,data\raw\training\Исследования\2.25.168317503020329569414190677927680518621\series_004_2_CR\A2507557128 DXA\CR DXA\CR000003.dcm,CR,259,300,3,0,0,0,0,0,0,0,0,0,0,,spine,,spine,not_applicable,0,0,0,0,excel
2.25.168317503020329569414190677927680518621,1.2.643.5.1.13.13.12.2.77.8252.11120509060313030005050308070506,1.2.643.5.1.13.13.12.2.77.8252.01061004031115060909070403001204,1.2.643.5.1.13.13.12.2.77.8252.03110002011112060400010906040109,data\raw\training\Исследования\2.25.168317503020329569414190677927680518621\series_004_2_CR\A2507557128 DXA\CR DXA\CR000004.dcm,CR,289,280,17,0,0,0,0,0,0,0,0,0,0,,hip,,hip,unknown,,,,,unknown
2.25.168317503020329569414190677927680518621,1.2.643.5.1.13.13.12.2.77.8252.11120509060313030005050308070506,1.2.643.5.1.13.13.12.2.77.8252.01061004031115060909070403001204,1.2.643.5.1.13.13.12.2.77.8252.01130115100005150714080303151110,data\raw\training\Исследования\2.25.168317503020329569414190677927680518621\series_004_2_CR\A2507557128 DXA\CR DXA\CR000005.dcm,CR,261,280,10,0,0,0,0,0,0,0,0,0,0,,hip,,hip,unknown,,,,,unknown
2.25.168317503020329569414190677927680518621,1.2.643.5.1.13.13.12.2.77.8252.11120509060313030005050308070506,1.2.643.5.1.13.13.12.2.77.8252.01061004031115060909070403001204,1.2.643.5.1.13.13.12.2.77.8252.14030405080503070005090010011210,data\raw\training\Исследования\2.25.168317503020329569414190677927680518621\series_004_2_CR\A2507557128 DXA\CR DXA\CR000006.dcm,CR,259,300,1,0,0,0,0,0,0,0,0,0,0,,spine,,spine,not_applicable,0,0,0,0,excel
2.25.168317503020329569414190677927680518621,1.2.643.5.1.13.13.12.2.77.8252.11120509060313030005050308070506,1.2.643.5.1.13.13.12.2.77.8252.01061004031115060909070403001204,1.2.643.5.1.13.13.12.2.77.8252.02031311110004131100010706000003,data\raw\training\Исследования\2.25.168317503020329569414190677927680518621\series_004_2_CR\A2507557128 DXA\CR DXA\CR000007.dcm,CR,289,280,6,0,0,0,0,0,0,0,0,0,0,,hip,,hip,unknown,,,,,unknown
2.25.168317503020329569414190677927680518621,1.2.643.5.1.13.13.12.2.77.8252.11120509060313030005050308070506,1.2.643.5.1.13.13.12.2.77.8252.01061004031115060909070403001204,1.2.643.5.1.13.13.12.2.77.8252.14040413080712030012001414011512,data\raw\training\Исследования\2.25.168317503020329569414190677927680518621\series_004_2_CR\A2507557128 DXA\CR DXA\CR000008.dcm,CR,289,280,4,0,0,0,0,0,0,0,0,0,0,,hip,,hip,unknown,,,,,unknown
2.25.168317503020329569414190677927680518621,1.2.643.5.1.13.13.12.2.77.8252.11120509060313030005050308070506,1.2.643.5.1.13.13.12.2.77.8252.01061004031115060909070403001204,1.2.643.5.1.13.13.12.2.77.8252.09111007121406000411060915050407,data\raw\training\Исследования\2.25.168317503020329569414190677927680518621\series_004_2_CR\A2507557128 DXA\CR DXA\CR000009.dcm,CR,259,300,16,0,0,0,0,0,0,0,0,0,0,,spine,,spine,not_applicable,0,0,0,0,excel
2.25.168317503020329569414190677927680518621,1.2.643.5.1.13.13.12.2.77.8252.11120509060313030005050308070506,1.2.643.5.1.13.13.12.2.77.8252.01061004031115060909070403001204,1.2.643.5.1.13.13.12.2.77.8252.06080402070700011103140402140007,data\raw\training\Исследования\2.25.168317503020329569414190677927680518621\series_004_2_CR\A2507557128 DXA\CR DXA\CR000010.dcm,CR,261,280,5,0,0,0,0,0,0,0,0,0,0,,hip,,hip,unknown,,,,,unknown
2.25.168317503020329569414190677927680518621,1.2.643.5.1.13.13.12.2.77.8252.11120509060313030005050308070506,1.2.643.5.1.13.13.12.2.77.8252.01061004031115060909070403001204,1.2.643.5.1.13.13.12.2.77.8252.05090510080809140209120604081002,data\raw\training\Исследования\2.25.168317503020329569414190677927680518621\series_004_2_CR\A2507557128 DXA\CR DXA\CR000011.dcm,CR,289,280,12,0,0,0,0,0,0,0,0,0,0,,hip,,hip,unknown,,,,,unknown
2.25.169242707068684757906797344800977707240,1.2.643.5.1.13.13.12.2.77.8252.11130805080112021004150213051005,1.2.643.5.1.13.13.12.2.77.8252.00111204020012000215120801151101,1.2.643.5.1.13.13.12.2.77.8252.03020907090204060013031106111312,data\raw\training\Исследования\2.25.169242707068684757906797344800977707240\series_003_2_CR\A2507185832 DXA\CR DXA\CR000000.dcm,CR,285,300,1,0,0,0,,,,,0,,,,spine,,spine,not_applicable,0,0,0,0,excel
2.25.172445998420765569384934552191547932566,1.2.643.5.1.13.13.12.2.77.8252.07141114011403010702060406101512,1.2.643.5.1.13.13.12.2.77.8252.12100801091103050003041011100712,1.2.643.5.1.13.13.12.2.77.8252.08131412000401011215150704040610,data\raw\training\Исследования\2.25.172445998420765569384934552191547932566\series_004_2_CR\A2507368766 DXA\CR DXA\CR000000.dcm,CR,315,300,1,0,0,1,0,0,0,0,1,0,0,,spine,,spine,not_applicable,0,0,1,1,excel
2.25.172445998420765569384934552191547932566,1.2.643.5.1.13.13.12.2.77.8252.07141114011403010702060406101512,1.2.643.5.1.13.13.12.2.77.8252.12100801091103050003041011100712,1.2.643.5.1.13.13.12.2.77.8252.05030907080814020708000711150507,data\raw\training\Исследования\2.25.172445998420765569384934552191547932566\series_004_2_CR\A2507368766 DXA\CR DXA\CR000001.dcm,CR,291,280,5,0,0,1,0,0,0,0,1,0,0,,hip,,hip,left,0,0,,0,pca_pair
2.25.172445998420765569384934552191547932566,1.2.643.5.1.13.13.12.2.77.8252.07141114011403010702060406101512,1.2.643.5.1.13.13.12.2.77.8252.12100801091103050003041011100712,1.2.643.5.1.13.13.12.2.77.8252.15151313120000020410110702050700,data\raw\training\Исследования\2.25.172445998420765569384934552191547932566\series_004_2_CR\A2507368766 DXA\CR DXA\CR000002.dcm,CR,317,280,3,0,0,1,0,0,0,0,1,0,0,,hip,,hip,right,0,0,,0,pca_pair
2.25.173731186748227489808861376513577450951,1.2.643.5.1.13.13.12.2.77.8252.02011400121411091003041007011307,1.2.643.5.1.13.13.12.2.77.8252.11130606051313071008031004040615,1.2.643.5.1.13.13.12.2.77.8252.01091510011014070612050311031410,data\raw\training\Исследования\2.25.173731186748227489808861376513577450951\series_002_2_CR\A2507188958 DXA\CR DXA\CR000000.dcm,CR,289,300,1,0,0,0,,,0,0,0,,0,,spine,,spine,not_applicable,0,0,0,0,excel
2.25.173731186748227489808861376513577450951,1.2.643.5.1.13.13.12.2.77.8252.02011400121411091003041007011307,1.2.643.5.1.13.13.12.2.77.8252.11130606051313071008031004040615,1.2.643.5.1.13.13.12.2.77.8252.04070212140009090002060410031413,data\raw\training\Исследования\2.25.173731186748227489808861376513577450951\series_002_2_CR\A2507188958 DXA\CR DXA\CR000001.dcm,CR,263,280,3,0,0,0,,,0,0,0,,0,,hip,,hip,unknown,,,,,unknown
2.25.175903805423871105435148927871625232853,1.2.643.5.1.13.13.12.2.77.8252.08010308000211020503020307091312,1.2.643.5.1.13.13.12.2.77.8252.13081212101011121109100110130513,1.2.643.5.1.13.13.12.2.77.8252.12071204070300150506091512141413,data\raw\training\Исследования\2.25.175903805423871105435148927871625232853\series_001_2_CR\A2507159447 DXA\CR DXA\CR000000.dcm,CR,315,300,1,0,0,0,0,0,0,0,0,0,0,,spine,,spine,not_applicable,0,0,0,0,excel
2.25.175903805423871105435148927871625232853,1.2.643.5.1.13.13.12.2.77.8252.08010308000211020503020307091312,1.2.643.5.1.13.13.12.2.77.8252.13081212101011121109100110130513,1.2.643.5.1.13.13.12.2.77.8252.13151105000600070510031109011109,data\raw\training\Исследования\2.25.175903805423871105435148927871625232853\series_001_2_CR\A2507159447 DXA\CR DXA\CR000001.dcm,CR,289,280,5,0,0,0,0,0,0,0,0,0,0,,hip,,hip,left,0,0,,0,pca_pair
2.25.175903805423871105435148927871625232853,1.2.643.5.1.13.13.12.2.77.8252.08010308000211020503020307091312,1.2.643.5.1.13.13.12.2.77.8252.13081212101011121109100110130513,1.2.643.5.1.13.13.12.2.77.8252.15100208060002090813060606131404,data\raw\training\Исследования\2.25.175903805423871105435148927871625232853\series_001_2_CR\A2507159447 DXA\CR DXA\CR000002.dcm,CR,289,280,3,0,0,0,0,0,0,0,0,0,0,,hip,,hip,right,0,0,,0,pca_pair
2.25.17706555930735581384953296958427669848,1.2.643.5.1.13.13.12.2.77.8252.15150900091406150103131401151205,1.2.643.5.1.13.13.12.2.77.8252.07080602091013101109020612001309,1.2.643.5.1.13.13.12.2.77.8252.11051514070611150905020505061111,data\raw\training\Исследования\2.25.17706555930735581384953296958427669848\series_004_3_CR\A2504146513 DXA\CR DXA\CR000000.dcm,CR,261,280,3,0,0,1,0,0,0,0,1,0,0,,hip,,hip,unknown,,,,,unknown
2.25.17706555930735581384953296958427669848,1.2.643.5.1.13.13.12.2.77.8252.15150900091406150103131401151205,1.2.643.5.1.13.13.12.2.77.8252.07080602091013101109020612001309,1.2.643.5.1.13.13.12.2.77.8252.03050114141207061001080502130215,data\raw\training\Исследования\2.25.17706555930735581384953296958427669848\series_004_3_CR\A2504146513 DXA\CR DXA\CR000001.dcm,CR,287,300,1,0,0,1,0,0,0,0,1,0,0,,spine,,spine,not_applicable,0,0,1,1,excel
2.25.17706555930735581384953296958427669848,1.2.643.5.1.13.13.12.2.77.8252.15150900091406150103131401151205,1.2.643.5.1.13.13.12.2.77.8252.07080602091013101109020612001309,1.2.643.5.1.13.13.12.2.77.8252.02140511090200100603110807051014,data\raw\training\Исследования\2.25.17706555930735581384953296958427669848\series_004_3_CR\A2504146513 DXA\CR DXA\CR000002.dcm,CR,287,300,7,0,0,1,0,0,0,0,1,0,0,,spine,,spine,not_applicable,0,0,1,1,excel
2.25.17706555930735581384953296958427669848,1.2.643.5.1.13.13.12.2.77.8252.15150900091406150103131401151205,1.2.643.5.1.13.13.12.2.77.8252.07080602091013101109020612001309,1.2.643.5.1.13.13.12.2.77.8252.08081313070715151208110603030015,data\raw\training\Исследования\2.25.17706555930735581384953296958427669848\series_004_3_CR\A2504146513 DXA\CR DXA\CR000003.dcm,CR,261,280,8,0,0,1,0,0,0,0,1,0,0,,hip,,hip,unknown,,,,,unknown
2.25.17706555930735581384953296958427669848,1.2.643.5.1.13.13.12.2.77.8252.15150900091406150103131401151205,1.2.643.5.1.13.13.12.2.77.8252.07080602091013101109020612001309,1.2.643.5.1.13.13.12.2.77.8252.04041511061006011303010701020104,data\raw\training\Исследования\2.25.17706555930735581384953296958427669848\series_004_3_CR\A2504146513 DXA\CR DXA\CR000004.dcm,CR,261,280,5,0,0,1,0,0,0,0,1,0,0,,hip,,hip,unknown,,,,,unknown
2.25.17706555930735581384953296958427669848,1.2.643.5.1.13.13.12.2.77.8252.15150900091406150103131401151205,1.2.643.5.1.13.13.12.2.77.8252.07080602091013101109020612001309,1.2.643.5.1.13.13.12.2.77.8252.14111104000112000401050109111415,data\raw\training\Исследования\2.25.17706555930735581384953296958427669848\series_004_3_CR\A2504146513 DXA\CR DXA\CR000005.dcm,CR,261,280,9,0,0,1,0,0,0,0,1,0,0,,hip,,hip,unknown,,,,,unknown
2.25.178533355209696795441380751187185128893,1.2.643.5.1.13.13.12.2.77.8252.05000609021402010711070801100904,1.2.643.5.1.13.13.12.2.77.8252.14000502030613150203060804141514,1.2.643.5.1.13.13.12.2.77.8252.14110604050810020100071004090404,data\raw\training\Исследования\2.25.178533355209696795441380751187185128893\series_003_2_CR\A2507155452 DXA\CR DXA\CR000000.dcm,CR,317,300,1,0,0,0,,,,,0,,,сколиоз,spine,,spine,not_applicable,0,0,0,0,excel
2.25.181196659018348153828200695057897449628,1.2.643.5.1.13.13.12.2.77.8252.04121102011402150303110508111305,1.2.643.5.1.13.13.12.2.77.8252.11020308140308080111011302120105,1.2.643.5.1.13.13.12.2.77.8252.14150808010700150501131415040808,data\raw\training\Исследования\2.25.181196659018348153828200695057897449628\series_004_2_CR\A2507370620 DXA\CR DXA\CR000000.dcm,CR,291,280,9,0,0,0,0,0,0,0,0,0,0,,hip,,hip,unknown,,,,,unknown
2.25.181196659018348153828200695057897449628,1.2.643.5.1.13.13.12.2.77.8252.04121102011402150303110508111305,1.2.643.5.1.13.13.12.2.77.8252.11020308140308080111011302120105,1.2.643.5.1.13.13.12.2.77.8252.07040306041313130904140702020908,data\raw\training\Исследования\2.25.181196659018348153828200695057897449628\series_004_2_CR\A2507370620 DXA\CR DXA\CR000001.dcm,CR,265,280,10,0,0,0,0,0,0,0,0,0,0,,hip,,hip,unknown,,,,,unknown
2.25.181196659018348153828200695057897449628,1.2.643.5.1.13.13.12.2.77.8252.04121102011402150303110508111305,1.2.643.5.1.13.13.12.2.77.8252.11020308140308080111011302120105,1.2.643.5.1.13.13.12.2.77.8252.08141015091400020302110912090508,data\raw\training\Исследования\2.25.181196659018348153828200695057897449628\series_004_2_CR\A2507370620 DXA\CR DXA\CR000002.dcm,CR,317,300,13,0,0,0,0,0,0,0,0,0,0,,spine,,spine,not_applicable,0,0,0,0,excel
2.25.181196659018348153828200695057897449628,1.2.643.5.1.13.13.12.2.77.8252.04121102011402150303110508111305,1.2.643.5.1.13.13.12.2.77.8252.11020308140308080111011302120105,1.2.643.5.1.13.13.12.2.77.8252.07130015011404020601141211131000,data\raw\training\Исследования\2.25.181196659018348153828200695057897449628\series_004_2_CR\A2507370620 DXA\CR DXA\CR000003.dcm,CR,317,300,1,0,0,0,0,0,0,0,0,0,0,,spine,,spine,not_applicable,0,0,0,0,excel
2.25.181196659018348153828200695057897449628,1.2.643.5.1.13.13.12.2.77.8252.04121102011402150303110508111305,1.2.643.5.1.13.13.12.2.77.8252.11020308140308080111011302120105,1.2.643.5.1.13.13.12.2.77.8252.07070209131108100009081313101204,data\raw\training\Исследования\2.25.181196659018348153828200695057897449628\series_004_2_CR\A2507370620 DXA\CR DXA\CR000004.dcm,CR,265,280,2,0,0,0,0,0,0,0,0,0,0,,hip,,hip,unknown,,,,,unknown
2.25.181196659018348153828200695057897449628,1.2.643.5.1.13.13.12.2.77.8252.04121102011402150303110508111305,1.2.643.5.1.13.13.12.2.77.8252.11020308140308080111011302120105,1.2.643.5.1.13.13.12.2.77.8252.03001212011504090610110601060006,data\raw\training\Исследования\2.25.181196659018348153828200695057897449628\series_004_2_CR\A2507370620 DXA\CR DXA\CR000005.dcm,CR,265,280,7,0,0,0,0,0,0,0,0,0,0,,hip,,hip,unknown,,,,,unknown
2.25.181196659018348153828200695057897449628,1.2.643.5.1.13.13.12.2.77.8252.04121102011402150303110508111305,1.2.643.5.1.13.13.12.2.77.8252.11020308140308080111011302120105,1.2.643.5.1.13.13.12.2.77.8252.11080509070315011108060003120408,data\raw\training\Исследования\2.25.181196659018348153828200695057897449628\series_004_2_CR\A2507370620 DXA\CR DXA\CR000006.dcm,CR,291,280,3,0,0,0,0,0,0,0,0,0,0,,hip,,hip,unknown,,,,,unknown
2.25.181196659018348153828200695057897449628,1.2.643.5.1.13.13.12.2.77.8252.04121102011402150303110508111305,1.2.643.5.1.13.13.12.2.77.8252.11020308140308080111011302120105,1.2.643.5.1.13.13.12.2.77.8252.13100414021307020008020611130410,data\raw\training\Исследования\2.25.181196659018348153828200695057897449628\series_004_2_CR\A2507370620 DXA\CR DXA\CR000007.dcm,CR,291,280,8,0,0,0,0,0,0,0,0,0,0,,hip,,hip,unknown,,,,,unknown
2.25.181196659018348153828200695057897449628,1.2.643.5.1.13.13.12.2.77.8252.04121102011402150303110508111305,1.2.643.5.1.13.13.12.2.77.8252.11020308140308080111011302120105,1.2.643.5.1.13.13.12.2.77.8252.00010603011503150401111314061209,data\raw\training\Исследования\2.25.181196659018348153828200695057897449628\series_004_2_CR\A2507370620 DXA\CR DXA\CR000008.dcm,CR,291,280,15,0,0,0,0,0,0,0,0,0,0,,hip,,hip,unknown,,,,,unknown
2.25.181196659018348153828200695057897449628,1.2.643.5.1.13.13.12.2.77.8252.04121102011402150303110508111305,1.2.643.5.1.13.13.12.2.77.8252.11020308140308080111011302120105,1.2.643.5.1.13.13.12.2.77.8252.08041100070615121300141413020001,data\raw\training\Исследования\2.25.181196659018348153828200695057897449628\series_004_2_CR\A2507370620 DXA\CR DXA\CR000009.dcm,CR,265,280,14,0,0,0,0,0,0,0,0,0,0,,hip,,hip,unknown,,,,,unknown
2.25.181196659018348153828200695057897449628,1.2.643.5.1.13.13.12.2.77.8252.04121102011402150303110508111305,1.2.643.5.1.13.13.12.2.77.8252.11020308140308080111011302120105,1.2.643.5.1.13.13.12.2.77.8252.08060613070108000200131403151214,data\raw\training\Исследования\2.25.181196659018348153828200695057897449628\series_004_2_CR\A2507370620 DXA\CR DXA\CR000010.dcm,CR,291,280,6,0,0,0,0,0,0,0,0,0,0,,hip,,hip,unknown,,,,,unknown
2.25.181196659018348153828200695057897449628,1.2.643.5.1.13.13.12.2.77.8252.04121102011402150303110508111305,1.2.643.5.1.13.13.12.2.77.8252.11020308140308080111011302120105,1.2.643.5.1.13.13.12.2.77.8252.15131206051500011310060914011411,data\raw\training\Исследования\2.25.181196659018348153828200695057897449628\series_004_2_CR\A2507370620 DXA\CR DXA\CR000011.dcm,CR,317,300,4,0,0,0,0,0,0,0,0,0,0,,spine,,spine,not_applicable,0,0,0,0,excel
2.25.181196659018348153828200695057897449628,1.2.643.5.1.13.13.12.2.77.8252.04121102011402150303110508111305,1.2.643.5.1.13.13.12.2.77.8252.11020308140308080111011302120105,1.2.643.5.1.13.13.12.2.77.8252.00110402080602151505051001010810,data\raw\training\Исследования\2.25.181196659018348153828200695057897449628\series_004_2_CR\A2507370620 DXA\CR DXA\CR000012.dcm,CR,265,280,5,0,0,0,0,0,0,0,0,0,0,,hip,,hip,unknown,,,,,unknown
2.25.184198356665635336833172191504278054074,1.2.643.5.1.13.13.12.2.77.8252.04101108050208091310021407111214,1.2.643.5.1.13.13.12.2.77.8252.09090615000912121103081014020013,1.2.643.5.1.13.13.12.2.77.8252.04151306060901060605121400081206,data\raw\training\Исследования\2.25.184198356665635336833172191504278054074\series_004_2_CR\A250788286 DXA\CR DXA\CR000000.dcm,CR,291,300,1,0,0,0,0,0,0,0,0,0,0,,spine,,spine,not_applicable,0,0,0,0,excel
2.25.184198356665635336833172191504278054074,1.2.643.5.1.13.13.12.2.77.8252.04101108050208091310021407111214,1.2.643.5.1.13.13.12.2.77.8252.09090615000912121103081014020013,1.2.643.5.1.13.13.12.2.77.8252.11141409010404080202090702050104,data\raw\training\Исследования\2.25.184198356665635336833172191504278054074\series_004_2_CR\A250788286 DXA\CR DXA\CR000001.dcm,CR,320,280,3,0,0,0,0,0,0,0,0,0,0,,hip,,hip,right,0,0,,0,pca_pair
2.25.184198356665635336833172191504278054074,1.2.643.5.1.13.13.12.2.77.8252.04101108050208091310021407111214,1.2.643.5.1.13.13.12.2.77.8252.09090615000912121103081014020013,1.2.643.5.1.13.13.12.2.77.8252.02150805140008141106110606070801,data\raw\training\Исследования\2.25.184198356665635336833172191504278054074\series_004_2_CR\A250788286 DXA\CR DXA\CR000002.dcm,CR,318,280,5,0,0,0,0,0,0,0,0,0,0,,hip,,hip,left,0,0,,0,pca_pair
2.25.186201010600484120326273381077449377115,1.2.643.5.1.13.13.12.2.77.8252.04030111120106061513080209011000,1.2.643.5.1.13.13.12.2.77.8252.05140705011202140213150202150102,1.2.643.5.1.13.13.12.2.77.8252.01110601131107041511021510061211,data\raw\training\Исследования\2.25.186201010600484120326273381077449377115\series_004_2_CR\A250777475 DXA\CR DXA\CR000000.dcm,CR,261,280,6,0,0,0,0,0,0,0,0,0,0,,hip,,hip,unknown,,,,,unknown
2.25.186201010600484120326273381077449377115,1.2.643.5.1.13.13.12.2.77.8252.04030111120106061513080209011000,1.2.643.5.1.13.13.12.2.77.8252.05140705011202140213150202150102,1.2.643.5.1.13.13.12.2.77.8252.09061504020803021006021501021304,data\raw\training\Исследования\2.25.186201010600484120326273381077449377115\series_004_2_CR\A250777475 DXA\CR DXA\CR000001.dcm,CR,261,280,10,0,0,0,0,0,0,0,0,0,0,,hip,,hip,unknown,,,,,unknown
2.25.186201010600484120326273381077449377115,1.2.643.5.1.13.13.12.2.77.8252.04030111120106061513080209011000,1.2.643.5.1.13.13.12.2.77.8252.05140705011202140213150202150102,1.2.643.5.1.13.13.12.2.77.8252.00091315091215060415120908060402,data\raw\training\Исследования\2.25.186201010600484120326273381077449377115\series_004_2_CR\A250777475 DXA\CR DXA\CR000002.dcm,CR,261,280,11,0,0,0,0,0,0,0,0,0,0,,hip,,hip,unknown,,,,,unknown
2.25.186201010600484120326273381077449377115,1.2.643.5.1.13.13.12.2.77.8252.04030111120106061513080209011000,1.2.643.5.1.13.13.12.2.77.8252.05140705011202140213150202150102,1.2.643.5.1.13.13.12.2.77.8252.01141302020713050903060503061314,data\raw\training\Исследования\2.25.186201010600484120326273381077449377115\series_004_2_CR\A250777475 DXA\CR DXA\CR000003.dcm,CR,261,280,13,0,0,0,0,0,0,0,0,0,0,,hip,,hip,unknown,,,,,unknown
2.25.186201010600484120326273381077449377115,1.2.643.5.1.13.13.12.2.77.8252.04030111120106061513080209011000,1.2.643.5.1.13.13.12.2.77.8252.05140705011202140213150202150102,1.2.643.5.1.13.13.12.2.77.8252.13051209051006081503100907110310,data\raw\training\Исследования\2.25.186201010600484120326273381077449377115\series_004_2_CR\A250777475 DXA\CR DXA\CR000004.dcm,CR,261,280,12,0,0,0,0,0,0,0,0,0,0,,hip,,hip,unknown,,,,,unknown
2.25.186201010600484120326273381077449377115,1.2.643.5.1.13.13.12.2.77.8252.04030111120106061513080209011000,1.2.643.5.1.13.13.12.2.77.8252.05140705011202140213150202150102,1.2.643.5.1.13.13.12.2.77.8252.07131015031512050310021202060000,data\raw\training\Исследования\2.25.186201010600484120326273381077449377115\series_004_2_CR\A250777475 DXA\CR DXA\CR000005.dcm,CR,261,280,5,0,0,0,0,0,0,0,0,0,0,,hip,,hip,unknown,,,,,unknown
2.25.186201010600484120326273381077449377115,1.2.643.5.1.13.13.12.2.77.8252.04030111120106061513080209011000,1.2.643.5.1.13.13.12.2.77.8252.05140705011202140213150202150102,1.2.643.5.1.13.13.12.2.77.8252.01060001050009070514040213010802,data\raw\training\Исследования\2.25.186201010600484120326273381077449377115\series_004_2_CR\A250777475 DXA\CR DXA\CR000006.dcm,CR,261,280,2,0,0,0,0,0,0,0,0,0,0,,hip,,hip,unknown,,,,,unknown
2.25.186201010600484120326273381077449377115,1.2.643.5.1.13.13.12.2.77.8252.04030111120106061513080209011000,1.2.643.5.1.13.13.12.2.77.8252.05140705011202140213150202150102,1.2.643.5.1.13.13.12.2.77.8252.07140512060315100814061103061308,data\raw\training\Исследования\2.25.186201010600484120326273381077449377115\series_004_2_CR\A250777475 DXA\CR DXA\CR000007.dcm,CR,315,300,9,0,0,0,0,0,0,0,0,0,0,,spine,,spine,not_applicable,0,0,0,0,excel
2.25.186201010600484120326273381077449377115,1.2.643.5.1.13.13.12.2.77.8252.04030111120106061513080209011000,1.2.643.5.1.13.13.12.2.77.8252.05140705011202140213150202150102,1.2.643.5.1.13.13.12.2.77.8252.05080405071204150306061400051307,data\raw\training\Исследования\2.25.186201010600484120326273381077449377115\series_004_2_CR\A250777475 DXA\CR DXA\CR000008.dcm,CR,261,280,7,0,0,0,0,0,0,0,0,0,0,,hip,,hip,unknown,,,,,unknown
2.25.186201010600484120326273381077449377115,1.2.643.5.1.13.13.12.2.77.8252.04030111120106061513080209011000,1.2.643.5.1.13.13.12.2.77.8252.05140705011202140213150202150102,1.2.643.5.1.13.13.12.2.77.8252.13020010101411130307011411150509,data\raw\training\Исследования\2.25.186201010600484120326273381077449377115\series_004_2_CR\A250777475 DXA\CR DXA\CR000009.dcm,CR,261,280,3,0,0,0,0,0,0,0,0,0,0,,hip,,hip,unknown,,,,,unknown
2.25.186201010600484120326273381077449377115,1.2.643.5.1.13.13.12.2.77.8252.04030111120106061513080209011000,1.2.643.5.1.13.13.12.2.77.8252.05140705011202140213150202150102,1.2.643.5.1.13.13.12.2.77.8252.07061504011201061005090406100203,data\raw\training\Исследования\2.25.186201010600484120326273381077449377115\series_004_2_CR\A250777475 DXA\CR DXA\CR000010.dcm,CR,315,300,4,0,0,0,0,0,0,0,0,0,0,,spine,,spine,not_applicable,0,0,0,0,excel
2.25.186201010600484120326273381077449377115,1.2.643.5.1.13.13.12.2.77.8252.04030111120106061513080209011000,1.2.643.5.1.13.13.12.2.77.8252.05140705011202140213150202150102,1.2.643.5.1.13.13.12.2.77.8252.04100315041404021215101114140602,data\raw\training\Исследования\2.25.186201010600484120326273381077449377115\series_004_2_CR\A250777475 DXA\CR DXA\CR000011.dcm,CR,315,300,1,0,0,0,0,0,0,0,0,0,0,,spine,,spine,not_applicable,0,0,0,0,excel
2.25.190331309633057244929837507901317950031,1.2.643.5.1.13.13.12.2.77.8252.08070600001410030512060707091212,1.2.643.5.1.13.13.12.2.77.8252.13080308120406131510011114140214,1.2.643.5.1.13.13.12.2.77.8252.11050911061500091304001000100608,data\raw\training\Исследования\2.25.190331309633057244929837507901317950031\series_001_2_CR\A250791815 DXA\CR DXA\CR000000.dcm,CR,235,280,3,0,1,0,1,0,0,0,1,1,0,,hip,,hip,unknown,,,,,unknown
2.25.190331309633057244929837507901317950031,1.2.643.5.1.13.13.12.2.77.8252.08070600001410030512060707091212,1.2.643.5.1.13.13.12.2.77.8252.13080308120406131510011114140214,1.2.643.5.1.13.13.12.2.77.8252.13070805121401080100090313021511,data\raw\training\Исследования\2.25.190331309633057244929837507901317950031\series_001_2_CR\A250791815 DXA\CR DXA\CR000001.dcm,CR,235,280,6,0,1,0,1,0,0,0,1,1,0,,hip,,hip,unknown,,,,,unknown
2.25.190331309633057244929837507901317950031,1.2.643.5.1.13.13.12.2.77.8252.08070600001410030512060707091212,1.2.643.5.1.13.13.12.2.77.8252.13080308120406131510011114140214,1.2.643.5.1.13.13.12.2.77.8252.06100709031109071008120605101311,data\raw\training\Исследования\2.25.190331309633057244929837507901317950031\series_001_2_CR\A250791815 DXA\CR DXA\CR000002.dcm,CR,235,280,10,0,1,0,1,0,0,0,1,1,0,,hip,,hip,unknown,,,,,unknown
2.25.190331309633057244929837507901317950031,1.2.643.5.1.13.13.12.2.77.8252.08070600001410030512060707091212,1.2.643.5.1.13.13.12.2.77.8252.13080308120406131510011114140214,1.2.643.5.1.13.13.12.2.77.8252.11100109131006120600020910050910,data\raw\training\Исследования\2.25.190331309633057244929837507901317950031\series_001_2_CR\A250791815 DXA\CR DXA\CR000003.dcm,CR,318,300,1,0,1,0,1,0,0,0,1,1,0,,spine,,spine,not_applicable,0,1,0,1,excel
2.25.190331309633057244929837507901317950031,1.2.643.5.1.13.13.12.2.77.8252.08070600001410030512060707091212,1.2.643.5.1.13.13.12.2.77.8252.13080308120406131510011114140214,1.2.643.5.1.13.13.12.2.77.8252.03000010070307110614031003090302,data\raw\training\Исследования\2.25.190331309633057244929837507901317950031\series_001_2_CR\A250791815 DXA\CR DXA\CR000004.dcm,CR,235,280,5,0,1,0,1,0,0,0,1,1,0,,hip,,hip,unknown,,,,,unknown
2.25.190331309633057244929837507901317950031,1.2.643.5.1.13.13.12.2.77.8252.08070600001410030512060707091212,1.2.643.5.1.13.13.12.2.77.8252.13080308120406131510011114140214,1.2.643.5.1.13.13.12.2.77.8252.02040104021012120313090806030008,data\raw\training\Исследования\2.25.190331309633057244929837507901317950031\series_001_2_CR\A250791815 DXA\CR DXA\CR000005.dcm,CR,318,300,9,0,1,0,1,0,0,0,1,1,0,,spine,,spine,not_applicable,0,1,0,1,excel
2.25.190331309633057244929837507901317950031,1.2.643.5.1.13.13.12.2.77.8252.08070600001410030512060707091212,1.2.643.5.1.13.13.12.2.77.8252.13080308120406131510011114140214,1.2.643.5.1.13.13.12.2.77.8252.03020007121211050710080207000313,data\raw\training\Исследования\2.25.190331309633057244929837507901317950031\series_001_2_CR\A250791815 DXA\CR DXA\CR000006.dcm,CR,235,280,13,0,1,0,1,0,0,0,1,1,0,,hip,,hip,unknown,,,,,unknown
2.25.190331309633057244929837507901317950031,1.2.643.5.1.13.13.12.2.77.8252.08070600001410030512060707091212,1.2.643.5.1.13.13.12.2.77.8252.13080308120406131510011114140214,1.2.643.5.1.13.13.12.2.77.8252.10061312041507151308110106051414,data\raw\training\Исследования\2.25.190331309633057244929837507901317950031\series_001_2_CR\A250791815 DXA\CR DXA\CR000007.dcm,CR,235,280,2,0,1,0,1,0,0,0,1,1,0,,hip,,hip,unknown,,,,,unknown
2.25.190331309633057244929837507901317950031,1.2.643.5.1.13.13.12.2.77.8252.08070600001410030512060707091212,1.2.643.5.1.13.13.12.2.77.8252.13080308120406131510011114140214,1.2.643.5.1.13.13.12.2.77.8252.06130501091009001200080400150413,data\raw\training\Исследования\2.25.190331309633057244929837507901317950031\series_001_2_CR\A250791815 DXA\CR DXA\CR000008.dcm,CR,318,300,4,0,1,0,1,0,0,0,1,1,0,,spine,,spine,not_applicable,0,1,0,1,excel
2.25.190331309633057244929837507901317950031,1.2.643.5.1.13.13.12.2.77.8252.08070600001410030512060707091212,1.2.643.5.1.13.13.12.2.77.8252.13080308120406131510011114140214,1.2.643.5.1.13.13.12.2.77.8252.11100404131302060711141306031414,data\raw\training\Исследования\2.25.190331309633057244929837507901317950031\series_001_2_CR\A250791815 DXA\CR DXA\CR000009.dcm,CR,235,280,12,0,1,0,1,0,0,0,1,1,0,,hip,,hip,unknown,,,,,unknown
2.25.190331309633057244929837507901317950031,1.2.643.5.1.13.13.12.2.77.8252.08070600001410030512060707091212,1.2.643.5.1.13.13.12.2.77.8252.13080308120406131510011114140214,1.2.643.5.1.13.13.12.2.77.8252.09051315030213060214031014080701,data\raw\training\Исследования\2.25.190331309633057244929837507901317950031\series_001_2_CR\A250791815 DXA\CR DXA\CR000010.dcm,CR,235,280,11,0,1,0,1,0,0,0,1,1,0,,hip,,hip,unknown,,,,,unknown
2.25.190807933410234695931591553323782771995,1.2.643.5.1.13.13.12.2.77.8252.13050309140908091510010214121510,1.2.643.5.1.13.13.12.2.77.8252.11021410060614050600151205091103,1.2.643.5.1.13.13.12.2.77.8252.04000404020304020301120408100801,data\raw\training\Исследования\2.25.190807933410234695931591553323782771995\series_002_3_CR\A250762254 DXA\CR DXA\CR000000.dcm,CR,317,300,1,0,0,1,,,0,0,1,,0,,spine,,spine,not_applicable,0,0,1,1,excel
2.25.190807933410234695931591553323782771995,1.2.643.5.1.13.13.12.2.77.8252.13050309140908091510010214121510,1.2.643.5.1.13.13.12.2.77.8252.11021410060614050600151205091103,1.2.643.5.1.13.13.12.2.77.8252.10101410111513000809081215030802,data\raw\training\Исследования\2.25.190807933410234695931591553323782771995\series_002_3_CR\A250762254 DXA\CR DXA\CR000001.dcm,CR,292,280,3,0,0,1,,,0,0,1,,0,,hip,,hip,unknown,,,,,unknown
2.25.217397325224876728316360420804118329081,1.2.643.5.1.13.13.12.2.77.8252.15060506051311040306151405130812,1.2.643.5.1.13.13.12.2.77.8252.04120000090305141313121412081209,1.2.643.5.1.13.13.12.2.77.8252.02091115080411030312040600000701,data\raw\training\Исследования\2.25.217397325224876728316360420804118329081\series_002_2_CR\A250474631 DXA\CR DXA\CR000000.dcm,CR,263,280,3,0,0,0,0,0,0,0,0,0,0,,hip,,hip,unknown,,,,,unknown
2.25.217397325224876728316360420804118329081,1.2.643.5.1.13.13.12.2.77.8252.15060506051311040306151405130812,1.2.643.5.1.13.13.12.2.77.8252.04120000090305141313121412081209,1.2.643.5.1.13.13.12.2.77.8252.10000400041408060608031009090710,data\raw\training\Исследования\2.25.217397325224876728316360420804118329081\series_002_2_CR\A250474631 DXA\CR DXA\CR000001.dcm,CR,235,280,2,0,0,0,0,0,0,0,0,0,0,,hip,,hip,unknown,,,,,unknown
2.25.217397325224876728316360420804118329081,1.2.643.5.1.13.13.12.2.77.8252.15060506051311040306151405130812,1.2.643.5.1.13.13.12.2.77.8252.04120000090305141313121412081209,1.2.643.5.1.13.13.12.2.77.8252.04131001000110131311121304090609,data\raw\training\Исследования\2.25.217397325224876728316360420804118329081\series_002_2_CR\A250474631 DXA\CR DXA\CR000002.dcm,CR,318,300,1,0,0,0,0,0,0,0,0,0,0,,spine,,spine,not_applicable,0,0,0,0,excel
2.25.217397325224876728316360420804118329081,1.2.643.5.1.13.13.12.2.77.8252.15060506051311040306151405130812,1.2.643.5.1.13.13.12.2.77.8252.04120000090305141313121412081209,1.2.643.5.1.13.13.12.2.77.8252.01120903030308120114061013030505,data\raw\training\Исследования\2.25.217397325224876728316360420804118329081\series_002_2_CR\A250474631 DXA\CR DXA\CR000003.dcm,CR,235,280,5,0,0,0,0,0,0,0,0,0,0,,hip,,hip,unknown,,,,,unknown
2.25.217397325224876728316360420804118329081,1.2.643.5.1.13.13.12.2.77.8252.15060506051311040306151405130812,1.2.643.5.1.13.13.12.2.77.8252.04120000090305141313121412081209,1.2.643.5.1.13.13.12.2.77.8252.03000813041512141007100304081206,data\raw\training\Исследования\2.25.217397325224876728316360420804118329081\series_002_2_CR\A250474631 DXA\CR DXA\CR000004.dcm,CR,318,300,4,0,0,0,0,0,0,0,0,0,0,,spine,,spine,not_applicable,0,0,0,0,excel
2.25.217397325224876728316360420804118329081,1.2.643.5.1.13.13.12.2.77.8252.15060506051311040306151405130812,1.2.643.5.1.13.13.12.2.77.8252.04120000090305141313121412081209,1.2.643.5.1.13.13.12.2.77.8252.13021514070905140715121507140313,data\raw\training\Исследования\2.25.217397325224876728316360420804118329081\series_002_2_CR\A250474631 DXA\CR DXA\CR000005.dcm,CR,318,300,9,0,0,0,0,0,0,0,0,0,0,,spine,,spine,not_applicable,0,0,0,0,excel
2.25.217397325224876728316360420804118329081,1.2.643.5.1.13.13.12.2.77.8252.15060506051311040306151405130812,1.2.643.5.1.13.13.12.2.77.8252.04120000090305141313121412081209,1.2.643.5.1.13.13.12.2.77.8252.08100408121001020706011402110914,data\raw\training\Исследования\2.25.217397325224876728316360420804118329081\series_002_2_CR\A250474631 DXA\CR DXA\CR000006.dcm,CR,263,280,12,0,0,0,0,0,0,0,0,0,0,,hip,,hip,unknown,,,,,unknown
2.25.217397325224876728316360420804118329081,1.2.643.5.1.13.13.12.2.77.8252.15060506051311040306151405130812,1.2.643.5.1.13.13.12.2.77.8252.04120000090305141313121412081209,1.2.643.5.1.13.13.12.2.77.8252.15101108070415081206070914081510,data\raw\training\Исследования\2.25.217397325224876728316360420804118329081\series_002_2_CR\A250474631 DXA\CR DXA\CR000007.dcm,CR,263,280,10,0,0,0,0,0,0,0,0,0,0,,hip,,hip,unknown,,,,,unknown
2.25.217397325224876728316360420804118329081,1.2.643.5.1.13.13.12.2.77.8252.15060506051311040306151405130812,1.2.643.5.1.13.13.12.2.77.8252.04120000090305141313121412081209,1.2.643.5.1.13.13.12.2.77.8252.14010614131006141014100714050813,data\raw\training\Исследования\2.25.217397325224876728316360420804118329081\series_002_2_CR\A250474631 DXA\CR DXA\CR000008.dcm,CR,235,280,11,0,0,0,0,0,0,0,0,0,0,,hip,,hip,unknown,,,,,unknown
2.25.217397325224876728316360420804118329081,1.2.643.5.1.13.13.12.2.77.8252.15060506051311040306151405130812,1.2.643.5.1.13.13.12.2.77.8252.04120000090305141313121412081209,1.2.643.5.1.13.13.12.2.77.8252.07081006110204030410140712110010,data\raw\training\Исследования\2.25.217397325224876728316360420804118329081\series_002_2_CR\A250474631 DXA\CR DXA\CR000009.dcm,CR,263,280,6,0,0,0,0,0,0,0,0,0,0,,hip,,hip,unknown,,,,,unknown
2.25.217397325224876728316360420804118329081,1.2.643.5.1.13.13.12.2.77.8252.15060506051311040306151405130812,1.2.643.5.1.13.13.12.2.77.8252.04120000090305141313121412081209,1.2.643.5.1.13.13.12.2.77.8252.03030902090804040112070613130312,data\raw\training\Исследования\2.25.217397325224876728316360420804118329081\series_002_2_CR\A250474631 DXA\CR DXA\CR000010.dcm,CR,235,280,13,0,0,0,0,0,0,0,0,0,0,,hip,,hip,unknown,,,,,unknown
2.25.220866240977467582196609708837940253840,1.2.643.5.1.13.13.12.2.77.8252.04071115100300090601031200020808,1.2.643.5.1.13.13.12.2.77.8252.00101504150305151101041001111112,1.2.643.5.1.13.13.12.2.77.8252.03010603150012061509030005111300,data\raw\training\Исследования\2.25.220866240977467582196609708837940253840\series_001_2_CR\A2504258893 DXA\CR DXA\CR000000.dcm,CR,317,300,1,0,1,0,,,,,1,,,,spine,,spine,not_applicable,0,1,0,1,excel
2.25.234651502352368356456298825489565282446,1.2.643.5.1.13.13.12.2.77.8252.11000715091405120315010100101510,1.2.643.5.1.13.13.12.2.77.8252.01150502051203071101150005011315,1.2.643.5.1.13.13.12.2.77.8252.02051208030605070510050510081213,data\raw\training\Исследования\2.25.234651502352368356456298825489565282446\series_002_2_CR\A2504307193 DXA\CR DXA\CR000000.dcm,CR,233,280,5,0,0,0,1,0,1,0,0,1,1,,hip,,hip,unknown,,,,,unknown
2.25.234651502352368356456298825489565282446,1.2.643.5.1.13.13.12.2.77.8252.11000715091405120315010100101510,1.2.643.5.1.13.13.12.2.77.8252.01150502051203071101150005011315,1.2.643.5.1.13.13.12.2.77.8252.05090510140315010003130007000910,data\raw\training\Исследования\2.25.234651502352368356456298825489565282446\series_002_2_CR\A2504307193 DXA\CR DXA\CR000001.dcm,CR,233,280,2,0,0,0,1,0,1,0,0,1,1,,hip,,hip,unknown,,,,,unknown
2.25.234651502352368356456298825489565282446,1.2.643.5.1.13.13.12.2.77.8252.11000715091405120315010100101510,1.2.643.5.1.13.13.12.2.77.8252.01150502051203071101150005011315,1.2.643.5.1.13.13.12.2.77.8252.09031307051100020212010511060414,data\raw\training\Исследования\2.25.234651502352368356456298825489565282446\series_002_2_CR\A2504307193 DXA\CR DXA\CR000002.dcm,CR,291,300,4,0,0,0,1,0,1,0,0,1,1,,spine,,spine,not_applicable,0,0,0,0,excel
2.25.234651502352368356456298825489565282446,1.2.643.5.1.13.13.12.2.77.8252.11000715091405120315010100101510,1.2.643.5.1.13.13.12.2.77.8252.01150502051203071101150005011315,1.2.643.5.1.13.13.12.2.77.8252.09140613011500120102030800080807,data\raw\training\Исследования\2.25.234651502352368356456298825489565282446\series_002_2_CR\A2504307193 DXA\CR DXA\CR000003.dcm,CR,207,280,3,0,0,0,1,0,1,0,0,1,1,,hip,,hip,unknown,,,,,unknown
2.25.234651502352368356456298825489565282446,1.2.643.5.1.13.13.12.2.77.8252.11000715091405120315010100101510,1.2.643.5.1.13.13.12.2.77.8252.01150502051203071101150005011315,1.2.643.5.1.13.13.12.2.77.8252.09061112071413071402070608030006,data\raw\training\Исследования\2.25.234651502352368356456298825489565282446\series_002_2_CR\A2504307193 DXA\CR DXA\CR000004.dcm,CR,207,280,10,0,0,0,1,0,1,0,0,1,1,,hip,,hip,unknown,,,,,unknown
2.25.234651502352368356456298825489565282446,1.2.643.5.1.13.13.12.2.77.8252.11000715091405120315010100101510,1.2.643.5.1.13.13.12.2.77.8252.01150502051203071101150005011315,1.2.643.5.1.13.13.12.2.77.8252.14111506040710041211031511080401,data\raw\training\Исследования\2.25.234651502352368356456298825489565282446\series_002_2_CR\A2504307193 DXA\CR DXA\CR000005.dcm,CR,207,280,12,0,0,0,1,0,1,0,0,1,1,,hip,,hip,unknown,,,,,unknown
2.25.234651502352368356456298825489565282446,1.2.643.5.1.13.13.12.2.77.8252.11000715091405120315010100101510,1.2.643.5.1.13.13.12.2.77.8252.01150502051203071101150005011315,1.2.643.5.1.13.13.12.2.77.8252.10051211011505050506141504040101,data\raw\training\Исследования\2.25.234651502352368356456298825489565282446\series_002_2_CR\A2504307193 DXA\CR DXA\CR000006.dcm,CR,291,300,1,0,0,0,1,0,1,0,0,1,1,,spine,,spine,not_applicable,0,0,0,0,excel
2.25.234651502352368356456298825489565282446,1.2.643.5.1.13.13.12.2.77.8252.11000715091405120315010100101510,1.2.643.5.1.13.13.12.2.77.8252.01150502051203071101150005011315,1.2.643.5.1.13.13.12.2.77.8252.15100402090103120615100706141310,data\raw\training\Исследования\2.25.234651502352368356456298825489565282446\series_002_2_CR\A2504307193 DXA\CR DXA\CR000007.dcm,CR,233,280,11,0,0,0,1,0,1,0,0,1,1,,hip,,hip,unknown,,,,,unknown
2.25.234651502352368356456298825489565282446,1.2.643.5.1.13.13.12.2.77.8252.11000715091405120315010100101510,1.2.643.5.1.13.13.12.2.77.8252.01150502051203071101150005011315,1.2.643.5.1.13.13.12.2.77.8252.10021305031009110615021114111114,data\raw\training\Исследования\2.25.234651502352368356456298825489565282446\series_002_2_CR\A2504307193 DXA\CR DXA\CR000008.dcm,CR,291,300,9,0,0,0,1,0,1,0,0,1,1,,spine,,spine,not_applicable,0,0,0,0,excel
2.25.234651502352368356456298825489565282446,1.2.643.5.1.13.13.12.2.77.8252.11000715091405120315010100101510,1.2.643.5.1.13.13.12.2.77.8252.01150502051203071101150005011315,1.2.643.5.1.13.13.12.2.77.8252.09110410141103030507060004110108,data\raw\training\Исследования\2.25.234651502352368356456298825489565282446\series_002_2_CR\A2504307193 DXA\CR DXA\CR000009.dcm,CR,207,280,6,0,0,0,1,0,1,0,0,1,1,,hip,,hip,unknown,,,,,unknown
2.25.234651502352368356456298825489565282446,1.2.643.5.1.13.13.12.2.77.8252.11000715091405120315010100101510,1.2.643.5.1.13.13.12.2.77.8252.01150502051203071101150005011315,1.2.643.5.1.13.13.12.2.77.8252.15060200100906151411000112060511,data\raw\training\Исследования\2.25.234651502352368356456298825489565282446\series_002_2_CR\A2504307193 DXA\CR DXA\CR000010.dcm,CR,233,280,13,0,0,0,1,0,1,0,0,1,1,,hip,,hip,unknown,,,,,unknown
2.25.247714038039430659432048101646401574824,1.2.643.5.1.13.13.12.2.77.8252.01010712071105151008051412091100,1.2.643.5.1.13.13.12.2.77.8252.06130909061410141208061013120615,1.2.643.5.1.13.13.12.2.77.8252.06051510010614000404080600020603,data\raw\training\Исследования\2.25.247714038039430659432048101646401574824\series_002_2_CR\A2504238024 DXA Exam\CR DXA Images\CR000000.dcm,CR,346,280,2,0,0,1,0,0,0,0,1,0,0,,hip,,hip,right,0,0,,0,pca_pair
2.25.247714038039430659432048101646401574824,1.2.643.5.1.13.13.12.2.77.8252.01010712071105151008051412091100,1.2.643.5.1.13.13.12.2.77.8252.06130909061410141208061013120615,1.2.643.5.1.13.13.12.2.77.8252.13110800060502010303101404091303,data\raw\training\Исследования\2.25.247714038039430659432048101646401574824\series_002_2_CR\A2504238024 DXA Exam\CR DXA Images\CR000001.dcm,CR,344,280,3,0,0,1,0,0,0,0,1,0,0,,hip,,hip,left,0,0,,0,pca_pair
2.25.247714038039430659432048101646401574824,1.2.643.5.1.13.13.12.2.77.8252.01010712071105151008051412091100,1.2.643.5.1.13.13.12.2.77.8252.06130909061410141208061013120615,1.2.643.5.1.13.13.12.2.77.8252.06030210110500061108030910090908,data\raw\training\Исследования\2.25.247714038039430659432048101646401574824\series_002_2_CR\A2504238024 DXA Exam\CR DXA Images\CR000002.dcm,CR,315,300,1,0,0,1,0,0,0,0,1,0,0,,spine,,spine,not_applicable,0,0,1,1,excel
2.25.269742577365511543488820993979123763373,1.2.643.5.1.13.13.12.2.77.8252.05011409090000061404080803060404,1.2.643.5.1.13.13.12.2.77.8252.05130512040712060505140403050714,1.2.643.5.1.13.13.12.2.77.8252.11081308031311040302130506061304,data\raw\training\Исследования\2.25.269742577365511543488820993979123763373\series_003_2_CR\A250477751 DXA\CR DXA\CR000000.dcm,CR,315,300,1,0,0,0,,,,,0,,,сколиоз,spine,,spine,not_applicable,0,0,0,0,excel
2.25.276415754443998872860614500027519740375,1.2.643.5.1.13.13.12.2.77.8252.06111506140814121408000710091014,1.2.643.5.1.13.13.12.2.77.8252.15050207150815021005011510050008,1.2.643.5.1.13.13.12.2.77.8252.13000009090006001202001212051006,data\raw\training\Исследования\2.25.276415754443998872860614500027519740375\series_002_2_CR\A2504387089 DXA\CR DXA\CR000000.dcm,CR,291,300,3,0,0,0,0,0,0,0,0,0,0,сколиоз,spine,,spine,not_applicable,0,0,0,0,excel
2.25.276415754443998872860614500027519740375,1.2.643.5.1.13.13.12.2.77.8252.06111506140814121408000710091014,1.2.643.5.1.13.13.12.2.77.8252.15050207150815021005011510050008,1.2.643.5.1.13.13.12.2.77.8252.00080112010710030607090609070409,data\raw\training\Исследования\2.25.276415754443998872860614500027519740375\series_002_2_CR\A2504387089 DXA\CR DXA\CR000001.dcm,CR,291,300,1,0,0,0,0,0,0,0,0,0,0,сколиоз,spine,,spine,not_applicable,0,0,0,0,excel
2.25.276415754443998872860614500027519740375,1.2.643.5.1.13.13.12.2.77.8252.06111506140814121408000710091014,1.2.643.5.1.13.13.12.2.77.8252.15050207150815021005011510050008,1.2.643.5.1.13.13.12.2.77.8252.01080011050715071510151108031409,data\raw\training\Исследования\2.25.276415754443998872860614500027519740375\series_002_2_CR\A2504387089 DXA\CR DXA\CR000002.dcm,CR,292,280,5,0,0,0,0,0,0,0,0,0,0,сколиоз,hip,,hip,unknown,,,,,unknown
2.25.276415754443998872860614500027519740375,1.2.643.5.1.13.13.12.2.77.8252.06111506140814121408000710091014,1.2.643.5.1.13.13.12.2.77.8252.15050207150815021005011510050008,1.2.643.5.1.13.13.12.2.77.8252.12100615051100140712150704150801,data\raw\training\Исследования\2.25.276415754443998872860614500027519740375\series_002_2_CR\A2504387089 DXA\CR DXA\CR000003.dcm,CR,292,280,4,0,0,0,0,0,0,0,0,0,0,сколиоз,hip,,hip,unknown,,,,,unknown
2.25.276415754443998872860614500027519740375,1.2.643.5.1.13.13.12.2.77.8252.06111506140814121408000710091014,1.2.643.5.1.13.13.12.2.77.8252.15050207150815021005011510050008,1.2.643.5.1.13.13.12.2.77.8252.06120002061108140400041203121102,data\raw\training\Исследования\2.25.276415754443998872860614500027519740375\series_002_2_CR\A2504387089 DXA\CR DXA\CR000004.dcm,CR,292,280,8,0,0,0,0,0,0,0,0,0,0,сколиоз,hip,,hip,unknown,,,,,unknown
2.25.276415754443998872860614500027519740375,1.2.643.5.1.13.13.12.2.77.8252.06111506140814121408000710091014,1.2.643.5.1.13.13.12.2.77.8252.15050207150815021005011510050008,1.2.643.5.1.13.13.12.2.77.8252.15130815100101091501031008111015,data\raw\training\Исследования\2.25.276415754443998872860614500027519740375\series_002_2_CR\A2504387089 DXA\CR DXA\CR000005.dcm,CR,292,280,6,0,0,0,0,0,0,0,0,0,0,сколиоз,hip,,hip,unknown,,,,,unknown
2.25.277752758923974029595977676354128739670,1.2.643.5.1.13.13.12.2.77.8252.01150001000900060703031302131108,1.2.643.5.1.13.13.12.2.77.8252.14011210061013090708120005031309,1.2.643.5.1.13.13.12.2.77.8252.11140100091110050501140207060912,data\raw\training\Исследования\2.25.277752758923974029595977676354128739670\series_002_2_CR\A2504223752 DXA\CR DXA\CR000000.dcm,CR,261,280,5,0,0,1,0,0,0,1,1,0,1,,hip,,hip,unknown,,,,,unknown
2.25.277752758923974029595977676354128739670,1.2.643.5.1.13.13.12.2.77.8252.01150001000900060703031302131108,1.2.643.5.1.13.13.12.2.77.8252.14011210061013090708120005031309,1.2.643.5.1.13.13.12.2.77.8252.05010011080903070300131415001403,data\raw\training\Исследования\2.25.277752758923974029595977676354128739670\series_002_2_CR\A2504223752 DXA\CR DXA\CR000001.dcm,CR,261,280,3,0,0,1,0,0,0,1,1,0,1,,hip,,hip,unknown,,,,,unknown
2.25.277752758923974029595977676354128739670,1.2.643.5.1.13.13.12.2.77.8252.01150001000900060703031302131108,1.2.643.5.1.13.13.12.2.77.8252.14011210061013090708120005031309,1.2.643.5.1.13.13.12.2.77.8252.09010705011309010307011213150407,data\raw\training\Исследования\2.25.277752758923974029595977676354128739670\series_002_2_CR\A2504223752 DXA\CR DXA\CR000002.dcm,CR,261,280,9,0,0,1,0,0,0,1,1,0,1,,hip,,hip,unknown,,,,,unknown
2.25.277752758923974029595977676354128739670,1.2.643.5.1.13.13.12.2.77.8252.01150001000900060703031302131108,1.2.643.5.1.13.13.12.2.77.8252.14011210061013090708120005031309,1.2.643.5.1.13.13.12.2.77.8252.05101415070003100803120514081507,data\raw\training\Исследования\2.25.277752758923974029595977676354128739670\series_002_2_CR\A2504223752 DXA\CR DXA\CR000003.dcm,CR,261,280,8,0,0,1,0,0,0,1,1,0,1,,hip,,hip,unknown,,,,,unknown
2.25.277752758923974029595977676354128739670,1.2.643.5.1.13.13.12.2.77.8252.01150001000900060703031302131108,1.2.643.5.1.13.13.12.2.77.8252.14011210061013090708120005031309,1.2.643.5.1.13.13.12.2.77.8252.07090609050707040704081509101500,data\raw\training\Исследования\2.25.277752758923974029595977676354128739670\series_002_2_CR\A2504223752 DXA\CR DXA\CR000004.dcm,CR,285,300,1,0,0,1,0,0,0,1,1,0,1,,spine,,spine,not_applicable,0,0,1,1,excel
2.25.277752758923974029595977676354128739670,1.2.643.5.1.13.13.12.2.77.8252.01150001000900060703031302131108,1.2.643.5.1.13.13.12.2.77.8252.14011210061013090708120005031309,1.2.643.5.1.13.13.12.2.77.8252.15080302090100001214141305071301,data\raw\training\Исследования\2.25.277752758923974029595977676354128739670\series_002_2_CR\A2504223752 DXA\CR DXA\CR000005.dcm,CR,285,300,7,0,0,1,0,0,0,1,1,0,1,,spine,,spine,not_applicable,0,0,1,1,excel
2.25.286999464611662854355201599068538813496,1.2.643.5.1.13.13.12.2.77.8252.06121310051313071012071011000214,1.2.643.5.1.13.13.12.2.77.8252.14130309100700021109000104041309,1.2.643.5.1.13.13.12.2.77.8252.11091010090201121300090614051311,data\raw\training\Исследования\2.25.286999464611662854355201599068538813496\series_003_2_CR\A2504223477 DXA\CR DXA\CR000000.dcm,CR,265,280,7,0,0,0,0,0,0,0,0,0,0,сколиоз,hip,,hip,unknown,,,,,unknown
2.25.286999464611662854355201599068538813496,1.2.643.5.1.13.13.12.2.77.8252.06121310051313071012071011000214,1.2.643.5.1.13.13.12.2.77.8252.14130309100700021109000104041309,1.2.643.5.1.13.13.12.2.77.8252.02141512030209141106060309030501,data\raw\training\Исследования\2.25.286999464611662854355201599068538813496\series_003_2_CR\A2504223477 DXA\CR DXA\CR000001.dcm,CR,291,300,6,0,0,0,0,0,0,0,0,0,0,сколиоз,spine,,spine,not_applicable,0,0,0,0,excel
2.25.286999464611662854355201599068538813496,1.2.643.5.1.13.13.12.2.77.8252.06121310051313071012071011000214,1.2.643.5.1.13.13.12.2.77.8252.14130309100700021109000104041309,1.2.643.5.1.13.13.12.2.77.8252.15080906090913051107110915140103,data\raw\training\Исследования\2.25.286999464611662854355201599068538813496\series_003_2_CR\A2504223477 DXA\CR DXA\CR000002.dcm,CR,265,280,4,0,0,0,0,0,0,0,0,0,0,сколиоз,hip,,hip,unknown,,,,,unknown
2.25.286999464611662854355201599068538813496,1.2.643.5.1.13.13.12.2.77.8252.06121310051313071012071011000214,1.2.643.5.1.13.13.12.2.77.8252.14130309100700021109000104041309,1.2.643.5.1.13.13.12.2.77.8252.02060612071110031306070811070605,data\raw\training\Исследования\2.25.286999464611662854355201599068538813496\series_003_2_CR\A2504223477 DXA\CR DXA\CR000003.dcm,CR,265,280,5,0,0,0,0,0,0,0,0,0,0,сколиоз,hip,,hip,unknown,,,,,unknown
2.25.286999464611662854355201599068538813496,1.2.643.5.1.13.13.12.2.77.8252.06121310051313071012071011000214,1.2.643.5.1.13.13.12.2.77.8252.14130309100700021109000104041309,1.2.643.5.1.13.13.12.2.77.8252.08001013010106001102020015031109,data\raw\training\Исследования\2.25.286999464611662854355201599068538813496\series_003_2_CR\A2504223477 DXA\CR DXA\CR000004.dcm,CR,291,300,1,0,0,0,0,0,0,0,0,0,0,сколиоз,spine,,spine,not_applicable,0,0,0,0,excel
2.25.286999464611662854355201599068538813496,1.2.643.5.1.13.13.12.2.77.8252.06121310051313071012071011000214,1.2.643.5.1.13.13.12.2.77.8252.14130309100700021109000104041309,1.2.643.5.1.13.13.12.2.77.8252.11130511020109141404120604130811,data\raw\training\Исследования\2.25.286999464611662854355201599068538813496\series_003_2_CR\A2504223477 DXA\CR DXA\CR000005.dcm,CR,265,280,8,0,0,0,0,0,0,0,0,0,0,сколиоз,hip,,hip,unknown,,,,,unknown
2.25.306921081709806079165809721263236241032,1.2.643.5.1.13.13.12.2.77.8252.13070707001109051012021502000705,1.2.643.5.1.13.13.12.2.77.8252.12051206141406090404101206130507,1.2.643.5.1.13.13.12.2.77.8252.05140704131104071313121101000313,data\raw\training\Исследования\2.25.306921081709806079165809721263236241032\series_002_2_CR\A2504381177 DXA\CR DXA\CR000000.dcm,CR,313,300,1,0,0,0,,,,,0,,,,spine,,spine,not_applicable,0,0,0,0,excel
2.25.309085571913348252136520206003694446566,1.2.643.5.1.13.13.12.2.77.8252.06051105050701010502031403141206,1.2.643.5.1.13.13.12.2.77.8252.14120701130808111501020800140103,1.2.643.5.1.13.13.12.2.77.8252.03121103130007121510030803050514,data\raw\training\Исследования\2.25.309085571913348252136520206003694446566\series_002_2_CR\A2504116267 DXA\CR DXA\CR000000.dcm,CR,285,300,1,0,1,0,0,0,0,0,1,0,0,,spine,,spine,not_applicable,0,1,0,1,excel
2.25.309085571913348252136520206003694446566,1.2.643.5.1.13.13.12.2.77.8252.06051105050701010502031403141206,1.2.643.5.1.13.13.12.2.77.8252.14120701130808111501020800140103,1.2.643.5.1.13.13.12.2.77.8252.07070904150315000704031208001011,data\raw\training\Исследования\2.25.309085571913348252136520206003694446566\series_002_2_CR\A2504116267 DXA\CR DXA\CR000001.dcm,CR,289,280,3,0,1,0,0,0,0,0,1,0,0,,hip,,hip,right,0,0,,0,pca_pair
2.25.309085571913348252136520206003694446566,1.2.643.5.1.13.13.12.2.77.8252.06051105050701010502031403141206,1.2.643.5.1.13.13.12.2.77.8252.14120701130808111501020800140103,1.2.643.5.1.13.13.12.2.77.8252.09030700121011131209150303151015,data\raw\training\Исследования\2.25.309085571913348252136520206003694446566\series_002_2_CR\A2504116267 DXA\CR DXA\CR000002.dcm,CR,289,280,2,0,1,0,0,0,0,0,1,0,0,,hip,,hip,left,0,0,,0,pca_pair
2.25.314147167453134440746270747484612743945,1.2.643.5.1.13.13.12.2.77.8252.10110305110802141404051200020210,1.2.643.5.1.13.13.12.2.77.8252.07011008140115080712051515030109,1.2.643.5.1.13.13.12.2.77.8252.02000306061002040514101500000812,data\raw\training\Исследования\2.25.314147167453134440746270747484612743945\series_002_2_CR\A2504224780 DXA\CR DXA\CR000000.dcm,CR,237,280,2,0,0,0,0,0,0,0,0,0,0,,hip,,hip,left,0,0,,0,pca_pair
2.25.314147167453134440746270747484612743945,1.2.643.5.1.13.13.12.2.77.8252.10110305110802141404051200020210,1.2.643.5.1.13.13.12.2.77.8252.07011008140115080712051515030109,1.2.643.5.1.13.13.12.2.77.8252.01130904120915050401031210031001,data\raw\training\Исследования\2.25.314147167453134440746270747484612743945\series_002_2_CR\A2504224780 DXA\CR DXA\CR000001.dcm,CR,237,280,3,0,0,0,0,0,0,0,0,0,0,,hip,,hip,right,0,0,,0,pca_pair
2.25.314147167453134440746270747484612743945,1.2.643.5.1.13.13.12.2.77.8252.10110305110802141404051200020210,1.2.643.5.1.13.13.12.2.77.8252.07011008140115080712051515030109,1.2.643.5.1.13.13.12.2.77.8252.02120204101515130306021007150210,data\raw\training\Исследования\2.25.314147167453134440746270747484612743945\series_002_2_CR\A2504224780 DXA\CR DXA\CR000002.dcm,CR,315,300,1,0,0,0,0,0,0,0,0,0,0,,spine,,spine,not_applicable,0,0,0,0,excel
2.25.322202456901330781765399791024580391565,1.2.643.5.1.13.13.12.2.77.8252.10000214070110110712041100051105,1.2.643.5.1.13.13.12.2.77.8252.03011300140915050213001401111214,1.2.643.5.1.13.13.12.2.77.8252.06061007030610120805010913100711,data\raw\training\Исследования\2.25.322202456901330781765399791024580391565\series_002_2_CR\A2504350020 DXA\CR DXA\CR000000.dcm,CR,291,300,1,0,0,0,,,,,0,,,сколиоз,spine,,spine,not_applicable,0,0,0,0,excel
2.25.339027809107632348165171236474821772940,1.2.643.5.1.13.13.12.2.77.8252.00021509100701140314011205150113,1.2.643.5.1.13.13.12.2.77.8252.15061002151310031205140602100908,1.2.643.5.1.13.13.12.2.77.8252.05111003151314100612100700031506,data\raw\training\Исследования\2.25.339027809107632348165171236474821772940\series_001_2_CR\A2504349642 DXA\CR DXA\CR000000.dcm,CR,318,280,8,0,0,0,0,0,0,0,1,0,0,сколиоз,hip,,hip,unknown,,,,,unknown
2.25.339027809107632348165171236474821772940,1.2.643.5.1.13.13.12.2.77.8252.00021509100701140314011205150113,1.2.643.5.1.13.13.12.2.77.8252.15061002151310031205140602100908,1.2.643.5.1.13.13.12.2.77.8252.04091012040015061107090014081504,data\raw\training\Исследования\2.25.339027809107632348165171236474821772940\series_001_2_CR\A2504349642 DXA\CR DXA\CR000001.dcm,CR,289,300,1,0,0,0,0,0,0,0,1,0,0,сколиоз,spine,,spine,not_applicable,0,0,0,1,excel
2.25.339027809107632348165171236474821772940,1.2.643.5.1.13.13.12.2.77.8252.00021509100701140314011205150113,1.2.643.5.1.13.13.12.2.77.8252.15061002151310031205140602100908,1.2.643.5.1.13.13.12.2.77.8252.11010912010413080807030107050600,data\raw\training\Исследования\2.25.339027809107632348165171236474821772940\series_001_2_CR\A2504349642 DXA\CR DXA\CR000002.dcm,CR,317,280,6,0,0,0,0,0,0,0,1,0,0,сколиоз,hip,,hip,unknown,,,,,unknown
2.25.339027809107632348165171236474821772940,1.2.643.5.1.13.13.12.2.77.8252.00021509100701140314011205150113,1.2.643.5.1.13.13.12.2.77.8252.15061002151310031205140602100908,1.2.643.5.1.13.13.12.2.77.8252.02060903061507111201080601150903,data\raw\training\Исследования\2.25.339027809107632348165171236474821772940\series_001_2_CR\A2504349642 DXA\CR DXA\CR000003.dcm,CR,317,280,4,0,0,0,0,0,0,0,1,0,0,сколиоз,hip,,hip,unknown,,,,,unknown
2.25.339027809107632348165171236474821772940,1.2.643.5.1.13.13.12.2.77.8252.00021509100701140314011205150113,1.2.643.5.1.13.13.12.2.77.8252.15061002151310031205140602100908,1.2.643.5.1.13.13.12.2.77.8252.09100506150509030310111310041309,data\raw\training\Исследования\2.25.339027809107632348165171236474821772940\series_001_2_CR\A2504349642 DXA\CR DXA\CR000004.dcm,CR,289,300,3,0,0,0,0,0,0,0,1,0,0,сколиоз,spine,,spine,not_applicable,0,0,0,1,excel
2.25.339027809107632348165171236474821772940,1.2.643.5.1.13.13.12.2.77.8252.00021509100701140314011205150113,1.2.643.5.1.13.13.12.2.77.8252.15061002151310031205140602100908,1.2.643.5.1.13.13.12.2.77.8252.02080414020805070003121215081311,data\raw\training\Исследования\2.25.339027809107632348165171236474821772940\series_001_2_CR\A2504349642 DXA\CR DXA\CR000005.dcm,CR,318,280,5,0,0,0,0,0,0,0,1,0,0,сколиоз,hip,,hip,unknown,,,,,unknown
2.25.340839477910528898406207279980417945,1.2.643.5.1.13.13.12.2.77.8252.02100613110404001511060101141303,1.2.643.5.1.13.13.12.2.77.8252.09151511100403000109030912060414,1.2.643.5.1.13.13.12.2.77.8252.14120712151005010200040708001308,data\raw\training\Исследования\2.25.340839477910528898406207279980417945\series_001_2_CR\A2504224555 DXA Exam\CR DXA Images\CR000000.dcm,CR,346,280,2,0,0,0,0,0,0,0,0,0,0,,hip,,hip,right,0,0,,0,pca_pair
2.25.340839477910528898406207279980417945,1.2.643.5.1.13.13.12.2.77.8252.02100613110404001511060101141303,1.2.643.5.1.13.13.12.2.77.8252.09151511100403000109030912060414,1.2.643.5.1.13.13.12.2.77.8252.05030701101012140702110704000714,data\raw\training\Исследования\2.25.340839477910528898406207279980417945\series_001_2_CR\A2504224555 DXA Exam\CR DXA Images\CR000001.dcm,CR,346,280,3,0,0,0,0,0,0,0,0,0,0,,hip,,hip,left,0,0,,0,pca_pair
2.25.340839477910528898406207279980417945,1.2.643.5.1.13.13.12.2.77.8252.02100613110404001511060101141303,1.2.643.5.1.13.13.12.2.77.8252.09151511100403000109030912060414,1.2.643.5.1.13.13.12.2.77.8252.12111312010203070900101115051015,data\raw\training\Исследования\2.25.340839477910528898406207279980417945\series_001_2_CR\A2504224555 DXA Exam\CR DXA Images\CR000002.dcm,CR,317,300,1,0,0,0,0,0,0,0,0,0,0,,spine,,spine,not_applicable,0,0,0,0,excel
2.25.39068163399801173920284179500049527111,1.2.643.5.1.13.13.12.2.77.8252.14030514000710060800130100011214,1.2.643.5.1.13.13.12.2.77.8252.11091003050804121202060901081407,1.2.643.5.1.13.13.12.2.77.8252.00030605020706130003080307080701,data\raw\training\Исследования\2.25.39068163399801173920284179500049527111\series_002_2_CR\A2504195842 DXA\CR DXA\CR000000.dcm,CR,235,280,77,0,1,1,1,0,1,0,1,1,1,,hip,,hip,left,1,0,,1,pca_pair
2.25.39068163399801173920284179500049527111,1.2.643.5.1.13.13.12.2.77.8252.14030514000710060800130100011214,1.2.643.5.1.13.13.12.2.77.8252.11091003050804121202060901081407,1.2.643.5.1.13.13.12.2.77.8252.07150610130411050211021514011106,data\raw\training\Исследования\2.25.39068163399801173920284179500049527111\series_002_2_CR\A2504195842 DXA\CR DXA\CR000001.dcm,CR,235,280,78,0,1,1,1,0,1,0,1,1,1,,hip,,hip,right,1,0,,1,pca_pair
2.25.39068163399801173920284179500049527111,1.2.643.5.1.13.13.12.2.77.8252.14030514000710060800130100011214,1.2.643.5.1.13.13.12.2.77.8252.11091003050804121202060901081407,1.2.643.5.1.13.13.12.2.77.8252.15141302131508150312140605060212,data\raw\training\Исследования\2.25.39068163399801173920284179500049527111\series_002_2_CR\A2504195842 DXA\CR DXA\CR000002.dcm,CR,318,300,76,0,1,1,1,0,1,0,1,1,1,,spine,,spine,not_applicable,0,1,1,1,excel
2.25.52532476139575422857225834315571570912,1.2.643.5.1.13.13.12.2.77.8252.12150004000513030900100606011509,1.2.643.5.1.13.13.12.2.77.8252.03041508100907031415091515100302,1.2.643.5.1.13.13.12.2.77.8252.07120809010109050202061111011110,data\raw\training\Исследования\2.25.52532476139575422857225834315571570912\series_001_2_CR\A2504247961 DXA\CR DXA\CR000000.dcm,CR,315,300,1,0,0,0,,,,,1,,,"Сколиоз, не верня разметка",spine,,spine,not_applicable,0,0,0,1,excel
2.25.59542620917302828428419211045951914336,1.2.643.5.1.13.13.12.2.77.8252.13101512050003031109001004060403,1.2.643.5.1.13.13.12.2.77.8252.06071414091308091103060512110104,1.2.643.5.1.13.13.12.2.77.8252.07101010011513020401030213080905,data\raw\training\Исследования\2.25.59542620917302828428419211045951914336\series_001_2_CR\A2504303391 DXA\CR DXA\CR000000.dcm,CR,315,300,1,0,0,1,,,,,1,,,,spine,,spine,not_applicable,0,0,1,1,excel
2.25.65954778282254353457041255543338557112,1.2.643.5.1.13.13.12.2.77.8252.09110800100012120800030006041405,1.2.643.5.1.13.13.12.2.77.8252.08100111130501010601020704090413,1.2.643.5.1.13.13.12.2.77.8252.11130315030911081202140406010814,data\raw\training\Исследования\2.25.65954778282254353457041255543338557112\series_004_3_CR\A2504246289 DXA\CR DXA\CR000000.dcm,CR,291,280,5,0,0,0,0,0,0,0,0,0,0,,hip,,hip,left,0,0,,0,pca_pair
2.25.65954778282254353457041255543338557112,1.2.643.5.1.13.13.12.2.77.8252.09110800100012120800030006041405,1.2.643.5.1.13.13.12.2.77.8252.08100111130501010601020704090413,1.2.643.5.1.13.13.12.2.77.8252.10000615050107010300151404090301,data\raw\training\Исследования\2.25.65954778282254353457041255543338557112\series_004_3_CR\A2504246289 DXA\CR DXA\CR000001.dcm,CR,291,280,4,0,0,0,0,0,0,0,0,0,0,,hip,,hip,right,0,0,,0,pca_pair
2.25.65954778282254353457041255543338557112,1.2.643.5.1.13.13.12.2.77.8252.09110800100012120800030006041405,1.2.643.5.1.13.13.12.2.77.8252.08100111130501010601020704090413,1.2.643.5.1.13.13.12.2.77.8252.05111111030105140803060510040613,data\raw\training\Исследования\2.25.65954778282254353457041255543338557112\series_004_3_CR\A2504246289 DXA\CR DXA\CR000002.dcm,CR,318,300,1,0,0,0,0,0,0,0,0,0,0,,spine,,spine,not_applicable,0,0,0,0,excel
2.25.66397484472966116002950503539482860450,1.2.643.5.1.13.13.12.2.77.8252.00140708141309070509131215090805,1.2.643.5.1.13.13.12.2.77.8252.01040209090909150912030510060713,1.2.643.5.1.13.13.12.2.77.8252.02091011000006010704070004091411,data\raw\training\Исследования\2.25.66397484472966116002950503539482860450\series_001_2_CR\A2504194637 DXA\CR DXA\CR000000.dcm,CR,235,280,6,0,0,0,1,0,1,0,0,1,1,,hip,,hip,unknown,,,,,unknown
2.25.66397484472966116002950503539482860450,1.2.643.5.1.13.13.12.2.77.8252.00140708141309070509131215090805,1.2.643.5.1.13.13.12.2.77.8252.01040209090909150912030510060713,1.2.643.5.1.13.13.12.2.77.8252.08151215001015040112061102060812,data\raw\training\Исследования\2.25.66397484472966116002950503539482860450\series_001_2_CR\A2504194637 DXA\CR DXA\CR000001.dcm,CR,235,280,10,0,0,0,1,0,1,0,0,1,1,,hip,,hip,unknown,,,,,unknown
2.25.66397484472966116002950503539482860450,1.2.643.5.1.13.13.12.2.77.8252.00140708141309070509131215090805,1.2.643.5.1.13.13.12.2.77.8252.01040209090909150912030510060713,1.2.643.5.1.13.13.12.2.77.8252.03111115071204110106020413091215,data\raw\training\Исследования\2.25.66397484472966116002950503539482860450\series_001_2_CR\A2504194637 DXA\CR DXA\CR000002.dcm,CR,235,280,12,0,0,0,1,0,1,0,0,1,1,,hip,,hip,unknown,,,,,unknown
2.25.66397484472966116002950503539482860450,1.2.643.5.1.13.13.12.2.77.8252.00140708141309070509131215090805,1.2.643.5.1.13.13.12.2.77.8252.01040209090909150912030510060713,1.2.643.5.1.13.13.12.2.77.8252.08021214010408050013070405100802,data\raw\training\Исследования\2.25.66397484472966116002950503539482860450\series_001_2_CR\A2504194637 DXA\CR DXA\CR000003.dcm,CR,318,280,2,0,0,0,1,0,1,0,0,1,1,,hip,,hip,unknown,,,,,unknown
2.25.66397484472966116002950503539482860450,1.2.643.5.1.13.13.12.2.77.8252.00140708141309070509131215090805,1.2.643.5.1.13.13.12.2.77.8252.01040209090909150912030510060713,1.2.643.5.1.13.13.12.2.77.8252.01011407000709010910090115010000,data\raw\training\Исследования\2.25.66397484472966116002950503539482860450\series_001_2_CR\A2504194637 DXA\CR DXA\CR000004.dcm,CR,318,300,4,0,0,0,1,0,1,0,0,1,1,,spine,,spine,not_applicable,0,0,0,0,excel
2.25.66397484472966116002950503539482860450,1.2.643.5.1.13.13.12.2.77.8252.00140708141309070509131215090805,1.2.643.5.1.13.13.12.2.77.8252.01040209090909150912030510060713,1.2.643.5.1.13.13.12.2.77.8252.15121501030904011113060500050403,data\raw\training\Исследования\2.25.66397484472966116002950503539482860450\series_001_2_CR\A2504194637 DXA\CR DXA\CR000005.dcm,CR,235,280,3,0,0,0,1,0,1,0,0,1,1,,hip,,hip,unknown,,,,,unknown
2.25.66397484472966116002950503539482860450,1.2.643.5.1.13.13.12.2.77.8252.00140708141309070509131215090805,1.2.643.5.1.13.13.12.2.77.8252.01040209090909150912030510060713,1.2.643.5.1.13.13.12.2.77.8252.10040310131315131311011115051512,data\raw\training\Исследования\2.25.66397484472966116002950503539482860450\series_001_2_CR\A2504194637 DXA\CR DXA\CR000006.dcm,CR,318,280,13,0,0,0,1,0,1,0,0,1,1,,hip,,hip,unknown,,,,,unknown
2.25.66397484472966116002950503539482860450,1.2.643.5.1.13.13.12.2.77.8252.00140708141309070509131215090805,1.2.643.5.1.13.13.12.2.77.8252.01040209090909150912030510060713,1.2.643.5.1.13.13.12.2.77.8252.13130501101110040009090201091209,data\raw\training\Исследования\2.25.66397484472966116002950503539482860450\series_001_2_CR\A2504194637 DXA\CR DXA\CR000007.dcm,CR,318,280,11,0,0,0,1,0,1,0,0,1,1,,hip,,hip,unknown,,,,,unknown
2.25.66397484472966116002950503539482860450,1.2.643.5.1.13.13.12.2.77.8252.00140708141309070509131215090805,1.2.643.5.1.13.13.12.2.77.8252.01040209090909150912030510060713,1.2.643.5.1.13.13.12.2.77.8252.15080405040711111211130015010914,data\raw\training\Исследования\2.25.66397484472966116002950503539482860450\series_001_2_CR\A2504194637 DXA\CR DXA\CR000008.dcm,CR,318,300,9,0,0,0,1,0,1,0,0,1,1,,spine,,spine,not_applicable,0,0,0,0,excel
2.25.66397484472966116002950503539482860450,1.2.643.5.1.13.13.12.2.77.8252.00140708141309070509131215090805,1.2.643.5.1.13.13.12.2.77.8252.01040209090909150912030510060713,1.2.643.5.1.13.13.12.2.77.8252.00121200081108110912041503010000,data\raw\training\Исследования\2.25.66397484472966116002950503539482860450\series_001_2_CR\A2504194637 DXA\CR DXA\CR000009.dcm,CR,318,300,1,0,0,0,1,0,1,0,0,1,1,,spine,,spine,not_applicable,0,0,0,0,excel
2.25.66397484472966116002950503539482860450,1.2.643.5.1.13.13.12.2.77.8252.00140708141309070509131215090805,1.2.643.5.1.13.13.12.2.77.8252.01040209090909150912030510060713,1.2.643.5.1.13.13.12.2.77.8252.10080308141508151114100414150301,data\raw\training\Исследования\2.25.66397484472966116002950503539482860450\series_001_2_CR\A2504194637 DXA\CR DXA\CR000010.dcm,CR,318,280,5,0,0,0,1,0,1,0,0,1,1,,hip,,hip,unknown,,,,,unknown
2.25.82912555346523716720160717883917565880,1.2.643.5.1.13.13.12.2.77.8252.07120201111314111500000602130205,1.2.643.5.1.13.13.12.2.77.8252.00100612020405021008090413031313,1.2.643.5.1.13.13.12.2.77.8252.15121403061107000609060400100413,data\raw\training\Исследования\2.25.82912555346523716720160717883917565880\series_002_2_CR\A2504149480 DXA\CR DXA\CR000000.dcm,CR,263,280,6,0,0,0,1,0,0,0,0,1,0,Хороший пример ротации,hip,,hip,unknown,,,,,unknown
2.25.82912555346523716720160717883917565880,1.2.643.5.1.13.13.12.2.77.8252.07120201111314111500000602130205,1.2.643.5.1.13.13.12.2.77.8252.00100612020405021008090413031313,1.2.643.5.1.13.13.12.2.77.8252.14111212050609060202121515040103,data\raw\training\Исследования\2.25.82912555346523716720160717883917565880\series_002_2_CR\A2504149480 DXA\CR DXA\CR000001.dcm,CR,291,300,3,0,0,0,1,0,0,0,0,1,0,Хороший пример ротации,spine,,spine,not_applicable,0,0,0,0,excel
2.25.82912555346523716720160717883917565880,1.2.643.5.1.13.13.12.2.77.8252.07120201111314111500000602130205,1.2.643.5.1.13.13.12.2.77.8252.00100612020405021008090413031313,1.2.643.5.1.13.13.12.2.77.8252.07130510130614040904060413131200,data\raw\training\Исследования\2.25.82912555346523716720160717883917565880\series_002_2_CR\A2504149480 DXA\CR DXA\CR000002.dcm,CR,265,280,8,0,0,0,1,0,0,0,0,1,0,Хороший пример ротации,hip,,hip,unknown,,,,,unknown
2.25.82912555346523716720160717883917565880,1.2.643.5.1.13.13.12.2.77.8252.07120201111314111500000602130205,1.2.643.5.1.13.13.12.2.77.8252.00100612020405021008090413031313,1.2.643.5.1.13.13.12.2.77.8252.06060810060308150905140912050013,data\raw\training\Исследования\2.25.82912555346523716720160717883917565880\series_002_2_CR\A2504149480 DXA\CR DXA\CR000003.dcm,CR,263,280,4,0,0,0,1,0,0,0,0,1,0,Хороший пример ротации,hip,,hip,unknown,,,,,unknown
2.25.82912555346523716720160717883917565880,1.2.643.5.1.13.13.12.2.77.8252.07120201111314111500000602130205,1.2.643.5.1.13.13.12.2.77.8252.00100612020405021008090413031313,1.2.643.5.1.13.13.12.2.77.8252.13130903011502030304101506090814,data\raw\training\Исследования\2.25.82912555346523716720160717883917565880\series_002_2_CR\A2504149480 DXA\CR DXA\CR000004.dcm,CR,265,280,5,0,0,0,1,0,0,0,0,1,0,Хороший пример ротации,hip,,hip,unknown,,,,,unknown
2.25.82912555346523716720160717883917565880,1.2.643.5.1.13.13.12.2.77.8252.07120201111314111500000602130205,1.2.643.5.1.13.13.12.2.77.8252.00100612020405021008090413031313,1.2.643.5.1.13.13.12.2.77.8252.15001111061311011106030303001309,data\raw\training\Исследования\2.25.82912555346523716720160717883917565880\series_002_2_CR\A2504149480 DXA\CR DXA\CR000005.dcm,CR,291,300,1,0,0,0,1,0,0,0,0,1,0,Хороший пример ротации,spine,,spine,not_applicable,0,0,0,0,excel
2.25.87869906212286587478854831452123526595,1.2.643.5.1.13.13.12.2.77.8252.09131504151204000006060612091203,1.2.643.5.1.13.13.12.2.77.8252.13030104140510150400010900100609,1.2.643.5.1.13.13.12.2.77.8252.06111209081313111015020309051508,data\raw\training\Исследования\2.25.87869906212286587478854831452123526595\series_002_2_CR\A250419699 DXA\CR DXA\CR000000.dcm,CR,292,280,3,0,0,1,0,0,0,0,1,0,0,,hip,,hip,right,0,0,,0,pca_pair
2.25.87869906212286587478854831452123526595,1.2.643.5.1.13.13.12.2.77.8252.09131504151204000006060612091203,1.2.643.5.1.13.13.12.2.77.8252.13030104140510150400010900100609,1.2.643.5.1.13.13.12.2.77.8252.04050904100201141507070306131511,data\raw\training\Исследования\2.25.87869906212286587478854831452123526595\series_002_2_CR\A250419699 DXA\CR DXA\CR000001.dcm,CR,317,300,1,0,0,1,0,0,0,0,1,0,0,,spine,,spine,not_applicable,0,0,1,1,excel
2.25.87869906212286587478854831452123526595,1.2.643.5.1.13.13.12.2.77.8252.09131504151204000006060612091203,1.2.643.5.1.13.13.12.2.77.8252.13030104140510150400010900100609,1.2.643.5.1.13.13.12.2.77.8252.15101115041306031303150405131115,data\raw\training\Исследования\2.25.87869906212286587478854831452123526595\series_002_2_CR\A250419699 DXA\CR DXA\CR000002.dcm,CR,291,280,2,0,0,1,0,0,0,0,1,0,0,,hip,,hip,left,0,0,,0,pca_pair
2.25.91981043841368764114007975581101713077,1.2.643.5.1.13.13.12.2.77.8252.07090507040208000106080811060202,1.2.643.5.1.13.13.12.2.77.8252.14060202051507031210120406080205,1.2.643.5.1.13.13.12.2.77.8252.08061201060114131102110802141411,data\raw\training\Исследования\2.25.91981043841368764114007975581101713077\series_003_2_CR\A250496619 DXA\CR DXA\CR000000.dcm,CR,292,280,3,1,0,0,0,0,0,0,1,0,0,,hip,,hip,unknown,,,,,unknown
2.25.91981043841368764114007975581101713077,1.2.643.5.1.13.13.12.2.77.8252.07090507040208000106080811060202,1.2.643.5.1.13.13.12.2.77.8252.14060202051507031210120406080205,1.2.643.5.1.13.13.12.2.77.8252.04141409090807040100020211061514,data\raw\training\Исследования\2.25.91981043841368764114007975581101713077\series_003_2_CR\A250496619 DXA\CR DXA\CR000001.dcm,CR,292,280,6,1,0,0,0,0,0,0,1,0,0,,hip,,hip,unknown,,,,,unknown
2.25.91981043841368764114007975581101713077,1.2.643.5.1.13.13.12.2.77.8252.07090507040208000106080811060202,1.2.643.5.1.13.13.12.2.77.8252.14060202051507031210120406080205,1.2.643.5.1.13.13.12.2.77.8252.04000607141411061507120106050309,data\raw\training\Исследования\2.25.91981043841368764114007975581101713077\series_003_2_CR\A250496619 DXA\CR DXA\CR000002.dcm,CR,294,280,5,1,0,0,0,0,0,0,1,0,0,,hip,,hip,unknown,,,,,unknown
2.25.91981043841368764114007975581101713077,1.2.643.5.1.13.13.12.2.77.8252.07090507040208000106080811060202,1.2.643.5.1.13.13.12.2.77.8252.14060202051507031210120406080205,1.2.643.5.1.13.13.12.2.77.8252.03130309141409040708100214070815,data\raw\training\Исследования\2.25.91981043841368764114007975581101713077\series_003_2_CR\A250496619 DXA\CR DXA\CR000003.dcm,CR,292,280,8,1,0,0,0,0,0,0,1,0,0,,hip,,hip,unknown,,,,,unknown
2.25.91981043841368764114007975581101713077,1.2.643.5.1.13.13.12.2.77.8252.07090507040208000106080811060202,1.2.643.5.1.13.13.12.2.77.8252.14060202051507031210120406080205,1.2.643.5.1.13.13.12.2.77.8252.07021003040810040809000711080701,data\raw\training\Исследования\2.25.91981043841368764114007975581101713077\series_003_2_CR\A250496619 DXA\CR DXA\CR000004.dcm,CR,318,300,12,1,0,0,0,0,0,0,1,0,0,,spine,,spine,not_applicable,1,0,0,1,excel
2.25.91981043841368764114007975581101713077,1.2.643.5.1.13.13.12.2.77.8252.07090507040208000106080811060202,1.2.643.5.1.13.13.12.2.77.8252.14060202051507031210120406080205,1.2.643.5.1.13.13.12.2.77.8252.04111101091200130111070203120509,data\raw\training\Исследования\2.25.91981043841368764114007975581101713077\series_003_2_CR\A250496619 DXA\CR DXA\CR000005.dcm,CR,294,280,2,1,0,0,0,0,0,0,1,0,0,,hip,,hip,unknown,,,,,unknown
2.25.91981043841368764114007975581101713077,1.2.643.5.1.13.13.12.2.77.8252.07090507040208000106080811060202,1.2.643.5.1.13.13.12.2.77.8252.14060202051507031210120406080205,1.2.643.5.1.13.13.12.2.77.8252.04141300131506141004121211120710,data\raw\training\Исследования\2.25.91981043841368764114007975581101713077\series_003_2_CR\A250496619 DXA\CR DXA\CR000006.dcm,CR,294,280,7,1,0,0,0,0,0,0,1,0,0,,hip,,hip,unknown,,,,,unknown
2.25.91981043841368764114007975581101713077,1.2.643.5.1.13.13.12.2.77.8252.07090507040208000106080811060202,1.2.643.5.1.13.13.12.2.77.8252.14060202051507031210120406080205,1.2.643.5.1.13.13.12.2.77.8252.09031306140406050914091115001515,data\raw\training\Исследования\2.25.91981043841368764114007975581101713077\series_003_2_CR\A250496619 DXA\CR DXA\CR000007.dcm,CR,294,280,13,1,0,0,0,0,0,0,1,0,0,,hip,,hip,unknown,,,,,unknown
2.25.91981043841368764114007975581101713077,1.2.643.5.1.13.13.12.2.77.8252.07090507040208000106080811060202,1.2.643.5.1.13.13.12.2.77.8252.14060202051507031210120406080205,1.2.643.5.1.13.13.12.2.77.8252.03070910041410130909021014090904,data\raw\training\Исследования\2.25.91981043841368764114007975581101713077\series_003_2_CR\A250496619 DXA\CR DXA\CR000008.dcm,CR,292,280,14,1,0,0,0,0,0,0,1,0,0,,hip,,hip,unknown,,,,,unknown
2.25.91981043841368764114007975581101713077,1.2.643.5.1.13.13.12.2.77.8252.07090507040208000106080811060202,1.2.643.5.1.13.13.12.2.77.8252.14060202051507031210120406080205,1.2.643.5.1.13.13.12.2.77.8252.01031400050508070812091015000904,data\raw\training\Исследования\2.25.91981043841368764114007975581101713077\series_003_2_CR\A250496619 DXA\CR DXA\CR000009.dcm,CR,318,300,4,1,0,0,0,0,0,0,1,0,0,,spine,,spine,not_applicable,1,0,0,1,excel
2.25.91981043841368764114007975581101713077,1.2.643.5.1.13.13.12.2.77.8252.07090507040208000106080811060202,1.2.643.5.1.13.13.12.2.77.8252.14060202051507031210120406080205,1.2.643.5.1.13.13.12.2.77.8252.07120905081404061009060805020905,data\raw\training\Исследования\2.25.91981043841368764114007975581101713077\series_003_2_CR\A250496619 DXA\CR DXA\CR000010.dcm,CR,318,300,1,1,0,0,0,0,0,0,1,0,0,,spine,,spine,not_applicable,1,0,0,1,excel
2.25.91981043841368764114007975581101713077,1.2.643.5.1.13.13.12.2.77.8252.07090507040208000106080811060202,1.2.643.5.1.13.13.12.2.77.8252.14060202051507031210120406080205,1.2.643.5.1.13.13.12.2.77.8252.07130502151014041012130400130108,data\raw\training\Исследования\2.25.91981043841368764114007975581101713077\series_003_2_CR\A250496619 DXA\CR DXA\CR000011.dcm,CR,294,280,9,1,0,0,0,0,0,0,1,0,0,,hip,,hip,unknown,,,,,unknown
